日期,关键词,标题,正文摘要,点赞,收藏,评论,分享,类型,作者,封面图URL,标签,笔记ID,xsec_token,链接
2026-08-21,DELF B2/法语B2备考/DELF备考,考了法语B2，劝大家不要想得太天真了,先说我的底子：纯法语零基础，不是语言相关专业。最开始入坑的理由特别感性 —— 迷上法剧、循环香颂，被巴黎的氛围感打动，同,594,940,180,106,图文,瑞琪,https://sns-na-i11.xhscdn.com/1040g0083244i4o4m0a2g5q91ia0sj3afqot00gg?imageView2/2/w/1440/format/webp&ap=5&sc=SRH_DTL&sign=30458b2171b7f179f01070e62a4ba3c6&t=6aa73592,,6a881073000000001702bd8d,YBEdKuee7TUBZki7j5_88y27IXASA9D0THcpImVaOTBM0=,https://www.xiaohongshu.com/explore/6a881073000000001702bd8d?xsec_token=YBEdKuee7TUBZki7j5_88y27IXASA9D0THcpImVaOTBM0=&xsec_source=app_note
2026-04-20,DELF B2/DELF B2口语/法语B2备考/DELF备考,DELF B2高分通过，3个月自主备考经验分享,背景：开始备考时水平大概在A2到B1更接近B1，听说读写相对均衡，听力稍微弱一点。 备考资料：ABC DELF B2，历,547,704,39,49,图文,神经胶质,https://sns-na-i11.xhscdn.com/notes_pre_post/1040g3k831v68sius2i005p2bvtnqafnoqhtvju0?imageView2/2/w/1440/format/webp&ap=5&sc=SRH_DTL&sign=cff589d91cc1d627b2c0c946e86c98b9&t=6aa73592,,69e5fe630000000022002f71,YBvn4owWU44ciXN1jU5AZ1xIqQVITu5Flxhadezu-jDvE=,https://www.xiaohongshu.com/explore/69e5fe630000000022002f71?xsec_token=YBvn4owWU44ciXN1jU5AZ1xIqQVITu5Flxhadezu-jDvE=&xsec_source=app_note
2026-08-25,DELF B2/法语B2备考,00年小小的老子在职不声不响通过法语b2,1、我的主线任务是法语B2上岸，然后跳槽到法企或者法语相关岗位，所以目前的公司就是过渡是支线，纯纯为了挣点生活费，上班那,433,337,28,48,图文,时间灰烬,https://sns-na-i11.xhscdn.com/1040g0083249gvb7enk0g5qgjnqag8u00hvdo2bg?imageView2/2/w/1440/format/webp&ap=5&sc=SRH_DTL&sign=707132e208c0ec4ccaed158b7e26c7ae&t=6aa73592,,6a8d24f9000000000f03c2bb,YBFQC6YPJ8sEyDGx-741bY6ZedlAUT5ihTm659CYpW3xM=,https://www.xiaohongshu.com/explore/6a8d24f9000000000f03c2bb?xsec_token=YBFQC6YPJ8sEyDGx-741bY6ZedlAUT5ihTm659CYpW3xM=&xsec_source=app_note
2026-03-30,DELF B2,🇫🇷Delf b2 三月 允自己骄傲一下吧,虽然口语很拉垮，但老天奶眷顾阅读和写作拿了满分 ！一时间不知道该拜谁，春天还是有很多愿望 现在也是官方认证的会说,437,184,86,19,图文,Garance Akane,https://sns-na-i11.xhscdn.com/notes_pre_post/1040g3k031ub72l8qio8g49ocns8o06kgck71mpg?imageView2/2/w/1440/format/webp&ap=5&sc=SRH_DTL&sign=4a8103afc9c14117f8fd187a2352a4b8&t=6aa73592,,69ca51e5000000002800b0de,YBFiJF2MgcAv8AHIl487l33cjI5bCtETD2N9ODJgsWeJE=,https://www.xiaohongshu.com/explore/69ca51e5000000002800b0de?xsec_token=YBFiJF2MgcAv8AHIl487l33cjI5bCtETD2N9ODJgsWeJE=&xsec_source=app_note
2026-07-22,DELF B2/法语B2备考/DELF备考,先学一夏｜delfb2听力阅读备考,视频太长啦！分两期，先给出大家暑假备考听力和阅读的建议，大家暑假先学一“夏”啦！ #法语 #法语法语 #学法语,373,365,41,29,视频,莽撞天才,https://sns-na-i11.xhscdn.com/1040g2sg322ttagaa7k004a651qvhfmnb2gikrk0?imageView2/2/w/1440/format/webp&ap=5&sc=SRH_DTL&sign=3bbded98b72d39eae4aec9bf0af937fd&t=6aa73592,,6a608199000000001d00e771,YBaosDGcD7tmkGD5knt4WeshjBgSAdmAqtN3gJClZDS5w=,https://www.xiaohongshu.com/explore/6a608199000000001d00e771?xsec_token=YBaosDGcD7tmkGD5knt4WeshjBgSAdmAqtN3gJClZDS5w=&xsec_source=app_note
2026-08-19,DELF B2/法语B2备考,因为考过了法语b2，说点xhs搜不到的,简单说下我自己： 本身就不是很有语言的那种，学习也挺普通的，所以我半年多b2阅读听力分数稳，写作口语也压线飘过整体还是比,269,249,22,19,图文,时间灰烬,https://sns-na-i11.xhscdn.com/1040g0083241tbl8bna0g5qgjnqag8u00ilhl9g8?imageView2/2/w/1440/format/webp&ap=5&sc=SRH_DTL&sign=31e5ccafbbe85b4ac48f2faf508e9c31&t=6aa73592,,6a855931000000000503130e,YBNtalTxzMWB4-IyFITfh6xBVKlV18NeIpbwMz4itVJYc=,https://www.xiaohongshu.com/explore/6a855931000000000503130e?xsec_token=YBNtalTxzMWB4-IyFITfh6xBVKlV18NeIpbwMz4itVJYc=&xsec_source=app_note
2026-04-27,DELF B2/DELF B2口语,今天带大家练口语啦,题目是vers une société sans enfant，提到现在的年轻人都不爱生小孩了，尤其是接受过高等教育的女,261,171,8,16,视频,Lilio✨,https://sns-na-i11.xhscdn.com/1040g2sg31vfh9501ig7049n3bc5vbq3u5n8mii0?imageView2/2/w/1440/format/webp&ap=5&sc=SRH_DTL&sign=fc1c16f88ae104c1c93ff6f733f75da6&t=6aa73592,,69ef76110000000038034b74,YB6dcBe7KMOQjVal_CCz3ceiqqbim3q5_6Kw1QRgZCZb8=,https://www.xiaohongshu.com/explore/69ef76110000000038034b74?xsec_token=YB6dcBe7KMOQjVal_CCz3ceiqqbim3q5_6Kw1QRgZCZb8=&xsec_source=app_note
2026-08-24,DELF B2/法语B2备考/DELF备考,考了法语B2，劝大家不要想得太天真了...,先说我的底子：纯法语零基础，非语言专业出身。 入坑理由特别感性——迷上法剧，同时也因为未来想去魁北克或法非地区看看，带着,253,348,71,39,图文,松间照月,https://sns-na-i11.xhscdn.com/spectrum/1040g0k032483j0ma74005qjp5r0l1h00g23ahog?imageView2/2/w/1440/format/webp&ap=5&sc=SRH_DTL&sign=aba58c1b1b5c628a0d8336518c9d3992&t=6aa73592,,6a8bb9300000000017003814,YB0fjYnmNxli_U17a2Wq4uYRpUoD-EqjsKw8MN_RCY97Q=,https://www.xiaohongshu.com/explore/6a8bb9300000000017003814?xsec_token=YB0fjYnmNxli_U17a2Wq4uYRpUoD-EqjsKw8MN_RCY97Q=&xsec_source=app_note
2026-08-19,DELF B2/法语B2备考/DELF备考,法语B2，浪费时间行为belike,本人底子不算好，只学过一点点基础的法语，让我开口说话或者让我做题的话，我根本就没谱，刚开始准备的时候心里特别没有底，我觉,244,199,28,18,图文,黑芒,https://sns-na-i11.xhscdn.com/notes_pre_post/1040g3k032421cvnbgo6g5qhm49ojv301nmq8o48?imageView2/2/w/1440/format/webp&ap=5&sc=SRH_DTL&sign=58bcc37b98499d8bf2219d36a01b3ff1&t=6aa73592,,6a857a93000000002402cd7d,YBNtalTxzMWB4-IyFITfh6xNLgQOUDujQgv-XRksH3PQ8=,https://www.xiaohongshu.com/explore/6a857a93000000002402cd7d?xsec_token=YBNtalTxzMWB4-IyFITfh6xNLgQOUDujQgv-XRksH3PQ8=&xsec_source=app_note
2026-04-20,DELF B2,🇫🇷DELF B2 20天速通经验,20天速通DELF B2 日均学习时间1小时 大二学生 平时白天要上工科专业课 有一年半的法语专业学习基础 🧸阅读,206,195,17,18,图文,焚舟,https://sns-na-i11.xhscdn.com/notes_pre_post/1040g3k031v6b5v2f3q0g5o7f13q85skgn1v8ucg?imageView2/2/w/1440/format/webp&ap=5&sc=SRH_DTL&sign=6062515603fc9b6fdf33d16c9f943a8c&t=6aa73592,,69e60ce6000000001b021455,YBccrlfCB5I6cxLXDCvtYto6IF9pQmWiD66XyewyfR0IE=,https://www.xiaohongshu.com/explore/69e60ce6000000001b021455?xsec_token=YBccrlfCB5I6cxLXDCvtYto6IF9pQmWiD66XyewyfR0IE=&xsec_source=app_note
2026-09-07,DELF B2/DELF B2写作/法语B2备考/DELF备考,DELF B2短期备考怎么做？经验贴来啦！！！,我当时备考时间是一个半月，考前的情况是法语专四通过了，水平可能在b1这样，我的目标就是擦边过（主要是为了给自己找个学习动,202,156,59,11,视频,Magnolia,https://sns-na-i11.xhscdn.com/1040g2sg324qoribs2akg5pffpd819c57uobtfc0?imageView2/2/w/1440/format/webp&ap=5&sc=SRH_DTL&sign=f0d8d32685cf34a2c33c05c284249155&t=6aa73592,,6a9ece720000000011037724,YBnEbnz-VcbMf-jmzdoRtxoG4QQbtcuUCUtl1sqniX0gI=,https://www.xiaohongshu.com/explore/6a9ece720000000011037724?xsec_token=YBnEbnz-VcbMf-jmzdoRtxoG4QQbtcuUCUtl1sqniX0gI=&xsec_source=app_note
2026-08-02,DELF B2/法语B2备考/DELF备考,一边上班一边备考Delf B2，我这3个月安排,一边上班一边备考 DELF B2，真的是跟自己的大脑🧠精力决斗🤺我当时最大的问题不是“要不要努力”，而是下班后真的没,144,108,18,8,图文,小蚂蚁法国留学后回国上班中,https://sns-na-i11.xhscdn.com/notes_pre_post/1040g3k0323cdc6vgn40049c92fv6ofabhc59da0?imageView2/2/w/1440/format/webp&ap=5&sc=SRH_DTL&sign=ae6c620474146cd02a828b1132120b31&t=6aa73592,,6a6f586e0000000026034729,YBLr3d_F_9udhZ_TfoxSs0_jGp6yLjQPI63IQOxxdNaAo=,https://www.xiaohongshu.com/explore/6a6f586e0000000026034729?xsec_token=YBLr3d_F_9udhZ_TfoxSs0_jGp6yLjQPI63IQOxxdNaAo=&xsec_source=app_note
2026-07-29,DELF B2/法语B2备考,基础差的不行（本人）如何极限过Delf B2,#法语 #法语零基础学习 #delf #国内 #B2 #Delf考点 本人中法合办，从大一入学开始学法语，但大,125,103,27,15,图文,沉迷的胡桃,https://sns-na-i11.xhscdn.com/1040g008323af8jlu02e05pf5unbh9o5vmqq5qvo?imageView2/2/w/1440/format/webp&ap=5&sc=SRH_DTL&sign=6ce9028e92f9c498fcbec66c037b6f36&t=6aa73592,,6a699151000000000503a4c5,YBpr5uePgmxn9llMRRXdBzOLiIc0BZ4iVOZv2vcPVrbXU=,https://www.xiaohongshu.com/explore/6a699151000000000503a4c5?xsec_token=YBpr5uePgmxn9llMRRXdBzOLiIc0BZ4iVOZv2vcPVrbXU=&xsec_source=app_note
2026-07-27,DELF B2/DELF备考,,法语delfB2已过71分，从b1到b2 备考花了3个月 只做了真题。碰到了很多原题#法语delf #delfb,125,148,27,12,图文,海狗侠,https://sns-na-i11.xhscdn.com/1040g2sg3234kdtcq7udg5nfc8nv08rb4o2cbato?imageView2/2/w/1440/format/webp&ap=5&sc=SRH_DTL&sign=5cdc1251ba3133224f2be282382e45e2&t=6aa73592,,6a675e1c000000001302cf30,YBRu7qZzkXCv-4uG-SYLV_Iv39dVoBOrebbfHA5Jo1Fq0=,https://www.xiaohongshu.com/explore/6a675e1c000000001302cf30?xsec_token=YBRu7qZzkXCv-4uG-SYLV_Iv39dVoBOrebbfHA5Jo1Fq0=&xsec_source=app_note
2026-09-08,DELF B2/法语B2备考/DELF备考,严肃避雷我考法语b2时做的无用功,hello，大家好我是番薯，最近又要法语考试了，想到我刚备考的时候报名费加资料费砸进去快三千，夜没少熬，弯路也没少走。趁,113,98,17,12,图文,番薯不是薯,https://sns-na-i11.xhscdn.com/notes_pre_post/1040g3k0324rd2ki52g605qar4j2e727gk38bd28?imageView2/2/w/1440/format/webp&ap=5&sc=SRH_DTL&sign=d851bc1bcf1ed9250febae51ac6cb8cd&t=6aa73592,,6a9f7391000000000b00efe5,YBJp12pLz_5TW8lC76k5zUB4vfIHEPNbeQTppqXm-BRlU=,https://www.xiaohongshu.com/explore/6a9f7391000000000b00efe5?xsec_token=YBJp12pLz_5TW8lC76k5zUB4vfIHEPNbeQTppqXm-BRlU=&xsec_source=app_note
2026-04-21,DELF B2,法语B2成绩出了 50.5分,超级无敌控分。牛逼。居然过了。 总体和我预想的差不多，听力和口语比我想的高了几分，最终居然飘过了。牛逼。 开学以来唯一一,105,12,37,10,图文,重生之我要停谷当现充,https://sns-na-i11.xhscdn.com/1040g00831v78dfpd2q405p49vpi4mrs2da4hd6o?imageView2/2/w/1440/format/webp&ap=5&sc=SRH_DTL&sign=3870e96ef374b11b1cf798a9ef3d22b3&t=6aa73592,,69e7043e0000000021010129,YBvgQ2VEg4ZyegzCo92h_BOxbizLDBF6UQGlTt_3rqS1Q=,https://www.xiaohongshu.com/explore/69e7043e0000000021010129?xsec_token=YBvgQ2VEg4ZyegzCo92h_BOxbizLDBF6UQGlTt_3rqS1Q=&xsec_source=app_note
2026-04-20,DELF B2/法语B2备考,8个月自学法语到TEF B2的经验与心得（下）,前两篇可谓是总结了自学道路上所有能遇到的弯路，接下来是帮助我在一个月不到的时间，直接冲到B2的、至关重要的攻略方式,97,98,7,15,图文,Ingrid,https://sns-na-i11.xhscdn.com/notes_pre_post/1040g3k831v5qe7fb2q905od686vk18evq43jqc8?imageView2/2/w/1440/format/webp&ap=5&sc=SRH_DTL&sign=6ce750d4b2c2f08d04029766c146401c&t=6aa73592,,69e583e6000000001a0225a1,YBvn4owWU44ciXN1jU5AZ1xO8_vVrnuRkjbfWk0s9hvgk=,https://www.xiaohongshu.com/explore/69e583e6000000001a0225a1?xsec_token=YBvn4owWU44ciXN1jU5AZ1xO8_vVrnuRkjbfWk0s9hvgk=&xsec_source=app_note
2026-08-22,DELF B2/法语B2备考,,从去年八月份到今年八月底 把你好法语a1到b1学完了 目标是明年三月份的delfb2 开始学egob2争取两个月过完 然,92,43,26,1,图文,love7,https://sns-na-i11.xhscdn.com/notes_uhdr/1040g3qg3245h6c2ego005offnna41irdo4jjjbg?imageView2/2/w/1440/format/webp&ap=5&sc=SRH_DTL&sign=21c01080c4a425c68310de111d425c64&t=6aa73592,,6a890dfb000000001602a86e,YBBoun8psnqefsf_m9rKCWNshB5SoRN0UBIs-L2Apltj8=,https://www.xiaohongshu.com/explore/6a890dfb000000001602a86e?xsec_token=YBBoun8psnqefsf_m9rKCWNshB5SoRN0UBIs-L2Apltj8=&xsec_source=app_note
2026-08-23,DELF B2,法语A2水平，DELF B2居然59.5分过了！我的,#delfb2 #法语 #快速通过考试 #delf,78,79,17,15,图文,李小妞,https://sns-na-i11.xhscdn.com/spectrum/1040g0k032474jgk00m004a0ppmhbud4kehgdi60?imageView2/2/w/1440/format/webp&ap=5&sc=SRH_DTL&sign=08d126cb967ae0e88028d0fe6f302de4&t=6aa73592,,6a8ab3910000000026038b77,YB0TAs6MbMJB6cWi44b3MG-FCQYsK8SajQpHr43MxZTcg=,https://www.xiaohongshu.com/explore/6a8ab3910000000026038b77?xsec_token=YB0TAs6MbMJB6cWi44b3MG-FCQYsK8SajQpHr43MxZTcg=&xsec_source=app_note
2026-04-12,DELF B2/法语B2备考,DELF B2 阅读难度参考,#法语 #法语法语 #法语单词 #DELF #delf #delf备考 #delfb2 #delfb2题库,74,28,2,2,图文,persevere💫,https://sns-na-i11.xhscdn.com/notes_pre_post/1040g3k031usa2ihehu004avu14ar4ahg64d9gco?imageView2/2/w/1440/format/webp&ap=5&sc=SRH_DTL&sign=e1948d1cae4457261341296335876679&t=6aa73592,,69dbc6180000000021005962,YBOef9h4cuZL9uCZnPkT1tiVdMzjSJQLOiDgWY40snFow=,https://www.xiaohongshu.com/explore/69dbc6180000000021005962?xsec_token=YBOef9h4cuZL9uCZnPkT1tiVdMzjSJQLOiDgWY40snFow=&xsec_source=app_note
2026-04-22,DELF B2,DELF B2 口语备考笔记一·生活类,答题策略总结 三个话题背后有一条暗线——“制度 vs. 文化”的张力。口语考试里如果能有这样一个贯穿自己答题的逻辑视角,87,85,8,7,图文,一片漆黑格尔,https://sns-na-i11.xhscdn.com/spectrum/1040g34o31v8mmn791m405p5rv9f57r3dk3lln2o?imageView2/2/w/1440/format/webp&ap=5&sc=SRH_DTL&sign=3d634d5b637df286a1a5a028a14c845b&t=6aa74094,,69e876af0000000023020137,YBBaWtzW26GoCmww_2VL4ClrhW7w2D2-KwPvbt41Iypzg=,https://www.xiaohongshu.com/explore/69e876af0000000023020137?xsec_token=YBBaWtzW26GoCmww_2VL4ClrhW7w2D2-KwPvbt41Iypzg=&xsec_source=app_note
2026-04-08,DELF B2,分享我写的第一个B2写作指南！！,终于！！经过一个多月准备，在今天发布啦！！ 第一次写这样的指南好开心，有什么不足之处欢迎大家指出！！（视频时间太长了嘿嘿,73,43,16,5,视频,莽撞天才,https://sns-na-i11.xhscdn.com/1040g00831umhi3jrig0g4a651qvhfmnbj0s85r8?imageView2/2/w/1440/format/webp&ap=5&sc=SRH_DTL&sign=3455188e5436aa5df2567488d1cca4a7&t=6aa74094,,69d5e794000000002301fe7d,YBOjxUEb8BZAY6sO7wlVkLbO8z7bMSg_VUjHVviATUSsg=,https://www.xiaohongshu.com/explore/69d5e794000000002301fe7d?xsec_token=YBOjxUEb8BZAY6sO7wlVkLbO8z7bMSg_VUjHVviATUSsg=&xsec_source=app_note
2026-06-12,DELF B2/DELF B2口语,论DELF B2口语5分是什么水平,在无数DELF/DALF高分经验分享的背景之下，本文仅用于缓解考生压力，内容未经推敲，仅供娱乐。 我是一个从头到尾都靠自,68,20,26,5,图文,tttomorrow,https://sns-na-i11.xhscdn.com/1040g008321ap7gtr74704btetucmldg2vodjrpg?imageView2/2/w/1440/format/webp&ap=5&sc=SRH_DTL&sign=bd5f592fd097e31399da90f7b3b046b4&t=6aa74094,,6a2c2a990000000022026868,YBp1NeUtV2FEwmd2Z_HxKBpZ4j3e_ZpRF3hqXEAfA04FU=,https://www.xiaohongshu.com/explore/6a2c2a990000000022026868?xsec_token=YBp1NeUtV2FEwmd2Z_HxKBpZ4j3e_ZpRF3hqXEAfA04FU=&xsec_source=app_note
2026-08-21,DELF B2/法语B2备考,0基础到B2高分，我只认真学了最后一个月,先说一下我的情况： 来法国从0开始学法语，断断续续上了2个月A1-A2的课，2个月b1的课后开始自学。但我真的太懒了,70,44,20,7,图文,瑞的南法生活日志,https://sns-na-i11.xhscdn.com/notes_pre_post/1040g3k03244f1m6a74005ov4j9f9grk1v2k8qdo?imageView2/2/w/1440/format/webp&ap=5&sc=SRH_DTL&sign=3c590ac6721ff901a4908a7dcf142fde&t=6aa74094,,6a87f7a30000000008015f36,YBrOu8LSWI8SVKcz1iN5ULGK8Rlr-4Joz2_CnTlO8txp8=,https://www.xiaohongshu.com/explore/6a87f7a30000000008015f36?xsec_token=YBrOu8LSWI8SVKcz1iN5ULGK8Rlr-4Joz2_CnTlO8txp8=&xsec_source=app_note
2026-09-05,DELF B2,法语DELF B2写作近满分经验贴,DELF B2写作考察的是逻辑思维和论证能力，而非语言水平。通过拆解观点、名词化表达、对话感、信息释放节奏、条件式和虚拟,66,69,0,10,图文,起音法语,https://sns-na-i11.xhscdn.com/notes_pre_post/1040g3k8324mtd11b0s7g5pje5r91oqmn8o6q0n8?imageView2/2/w/1440/format/webp&ap=5&sc=SRH_DTL&sign=8a1827a7aae53a8a3c51a9c254e6fb03&t=6aa74094,,6a9ae01b000000002900fa2f,YBFHjEJAo-qnIEvOrbqAA_eGHXM_wKF3lqqTOgZToPGU0=,https://www.xiaohongshu.com/explore/6a9ae01b000000002900fa2f?xsec_token=YBFHjEJAo-qnIEvOrbqAA_eGHXM_wKF3lqqTOgZToPGU0=&xsec_source=app_note
2026-04-24,DELF B2,DELF B2 口语第二类：环保类,环保类题目的隐形逻辑：“个人行动 vs. 制度设计”。最有说服力的答案不是指责个人不够努力，而是论证「制度如何让环保变得,63,67,0,6,图文,一片漆黑格尔,https://sns-na-i11.xhscdn.com/spectrum/1040g34o31vbnjm9ghui05p5rv9f57r3dntvfpmo?imageView2/2/w/1440/format/webp&ap=5&sc=SRH_DTL&sign=7adf240d921efad79723ba7c5d1d82cd&t=6aa74094,,69eb908e0000000036018092,YBadi81VsBVkuUsXDngWjyiTqRWemf5dh7zwLe3GQhKHw=,https://www.xiaohongshu.com/explore/69eb908e0000000036018092?xsec_token=YBadi81VsBVkuUsXDngWjyiTqRWemf5dh7zwLe3GQhKHw=&xsec_source=app_note
2026-06-10,DELF B2/法语B2备考/DELF备考,法语B2已过，说一下普通人的学习强度。。。,非天赋型，零基础到法语B2全靠堆时间+死记方法，没捷径但可复制！今天说普通人能坚持的真实强度 ⏰每日时长 不用全职备考,63,100,1,16,图文,精辰加国咨询中介,https://sns-na-i11.xhscdn.com/notes_pre_post/1040g3k83217u2sgf7k705q7v378dtm4fk4lko1g?imageView2/2/w/1440/format/webp&ap=5&sc=SRH_DTL&sign=a53d8baf477bb577d3d7b44257c83768&t=6aa74094,,6a29366c0000000008025f31,YBe96TpFt2yUEL9nhOsX8tVXGhBGY0oW-mWUCLWm_Si3o=,https://www.xiaohongshu.com/explore/6a29366c0000000008025f31?xsec_token=YBe96TpFt2yUEL9nhOsX8tVXGhBGY0oW-mWUCLWm_Si3o=&xsec_source=app_note
2026-04-20,DELF B2/DELF B2写作,作文妳是认真的嘛🥺,#delfb2 #delf #法语,57,18,24,5,图文,咪也想变成人类嘛,https://sns-na-i11.xhscdn.com/notes_pre_post/1040g3k831v5qq3pqiq705pcqhfpoiq0ogsb70ho?imageView2/2/w/1440/format/webp&ap=5&sc=SRH_DTL&sign=82eeab6c5723b874ee5ca851f0dd424c&t=6aa74094,,69e5876400000000220009d6,YBIsefTSZAUQaaGWUV9wZU0Uix5aLs-mwfaqFGx6qU0N4=,https://www.xiaohongshu.com/explore/69e5876400000000220009d6?xsec_token=YBIsefTSZAUQaaGWUV9wZU0Uix5aLs-mwfaqFGx6qU0N4=&xsec_source=app_note
2026-08-15,DELF B2,DELF B2听力实战 | Seb的法语听说课 E7,DELF B2 听力别急着听：考前 60 秒读题，决定你能不能抓到关键信息。 #法语 #法语听力 #法语轻松学,56,33,0,4,视频,Seb的法语专栏,https://sns-na-i11.xhscdn.com/spectrum/1040g0k0323t6avc1n0005p8lgcup5s5h9d3g200?imageView2/2/w/1440/format/webp&ap=5&sc=SRH_DTL&sign=ed61ade09b115df4f3085c94cf4d73f5&t=6aa74094,,6a8084b80000000029032afc,YBicJVKqpNmNQdP54Ufb0Rsv6JeS-rtXJcIBQKlvxPtas=,https://www.xiaohongshu.com/explore/6a8084b80000000029032afc?xsec_token=YBicJVKqpNmNQdP54Ufb0Rsv6JeS-rtXJcIBQKlvxPtas=&xsec_source=app_note
2026-04-17,DELF B2,法语DELF B2 必记词汇‼️,#法语 #法语法语 #DELF #delf备考 #delfb2 #DELFB2 #DELF备考 #法语单词,56,49,2,1,图文,persevere💫,https://sns-na-i11.xhscdn.com/notes_pre_post/1040g3k831v244immjugg4avu14ar4ahgfo8pfs0?imageView2/2/w/1440/format/webp&ap=5&sc=SRH_DTL&sign=ac629c6fa9270ddf7c3dc8d9e3d3f1d3&t=6aa74094,,69e1ba4100000000230235bf,YBYedfxIUvLPRw9AkfHDYmfdMOF7tx48pWd_JneagAX0Q=,https://www.xiaohongshu.com/explore/69e1ba4100000000230235bf?xsec_token=YBYedfxIUvLPRw9AkfHDYmfdMOF7tx48pWd_JneagAX0Q=&xsec_source=app_note
2026-06-26,DELF B2,2026 Delf b2 82分 法国场,四年前B1 92分过的，当时信誓旦旦要考B2，一转眼就蹉跎了四年。总分82.5 和估计得差不多，满意。 听力20 阅读,55,37,17,3,图文,霓,https://sns-na-i11.xhscdn.com/oss-sg/notes/1040g3l0321sp4f377u00490cbr9ilkd5741g7ro?imageView2/2/w/1440/format/webp&ap=5&sc=SRH_DTL&sign=5426ec0f6ac661907d2fe8be785bc59a&t=6aa74094,,6a3e974c000000000e038400,YBUpfkiPU7eJR74XhseW3xb3R8T0C46zU5OhoGmAfKRl0=,https://www.xiaohongshu.com/explore/6a3e974c000000000e038400?xsec_token=YBUpfkiPU7eJR74XhseW3xb3R8T0C46zU5OhoGmAfKRl0=&xsec_source=app_note
2026-05-15,DELF B2,5月15日了，法语DELF觉得来不及的参考去年我,#法语入门 #法语 #法语零基础学习 #法语交际口语 #法语口语 #法语delf #delf #法语词汇,54,54,16,4,图文,法语Alice🌈,https://sns-na-i11.xhscdn.com/notes_pre_post/1040g3k032056vleh2i0g5ppmcn07djp49g5hapg?imageView2/2/w/1440/format/webp&ap=5&sc=SRH_DTL&sign=0133e8a242a64628433302c54554557e&t=6aa74094,,6a06cfed000000000702c88a,YBGXc3stJS2bhNFuOx0nMhuJK6c-4UXaC5TG4zAUaAeds=,https://www.xiaohongshu.com/explore/6a06cfed000000000702c88a?xsec_token=YBGXc3stJS2bhNFuOx0nMhuJK6c-4UXaC5TG4zAUaAeds=&xsec_source=app_note
2026-07-27,DELF B2,DELF B2经验分享帖来啦～,废话：也是一大早起来蹲点查分，正如大家所看到的，一个不算危险也不算高的分数，一切都风平浪静地告一段落，sans aucu,53,27,9,3,图文,尘世间最伟大的作曲家,https://sns-na-i11.xhscdn.com/notes_pre_post/1040g3k832343i25eno705ocdvhd41n6ufts64ig?imageView2/2/w/1440/format/webp&ap=5&sc=SRH_DTL&sign=8c93980c10d8f3ffb680771d7b5e105f&t=6aa74094,,6a66dec20000000004029384,YBDvFJwJ5yh_6ByfljgKPQ1jJ9ggTG2mq6xJpgzOHsRyo=,https://www.xiaohongshu.com/explore/6a66dec20000000004029384?xsec_token=YBDvFJwJ5yh_6ByfljgKPQ1jJ9ggTG2mq6xJpgzOHsRyo=&xsec_source=app_note
2026-03-19,DELF B2,裸考Delf b2飘过了！,这回是真的毫无准备，可能考前复习了两天吧…直到考试前离题型是什么样都不太清楚，就kuku一顿写，作文还有点烂尾了 还好最,52,7,18,4,图文,盐鼠,https://sns-na-i11.xhscdn.com/1040g00831ttq17ju7q005oc59vkk0g0h9o39lv8?imageView2/2/w/1440/format/webp&ap=5&sc=SRH_DTL&sign=374726235e881f2d63dc8e8587b02283&t=6aa74094,,69bc8a2e000000001f001655,YB8uJPmM-8g8FmW2pyauJHXWE9chcvBEhz6f82VzTaaR0=,https://www.xiaohongshu.com/explore/69bc8a2e000000001f001655?xsec_token=YB8uJPmM-8g8FmW2pyauJHXWE9chcvBEhz6f82VzTaaR0=&xsec_source=app_note
2026-08-27,DELF B2/DELF B2写作/法语B2备考/DELF备考,3周走火入魔23分🤲 DELF B2作文邪修指,先交代背景👇 主包纯零基础起步，因为懒得背模板所以写作这块满打满算只给自己留了三周突击时间。考前三周才开始练第一篇作文,51,51,16,6,图文,细胞生物学离我远一点,https://sns-na-i11.xhscdn.com/notes_pre_post/1040g3k0324bvltd0ga005q6hh4j8ln15u96v5bo?imageView2/2/w/1440/format/webp&ap=5&sc=SRH_DTL&sign=8325625dace51c0a9318bb3f4784c2f4&t=6aa74094,,6a8fac200000000025026a90,YBjrd_iB2RVonnPcyQ3im9yIsgsj45grnZEYYTiyU-qwY=,https://www.xiaohongshu.com/explore/6a8fac200000000025026a90?xsec_token=YBjrd_iB2RVonnPcyQ3im9yIsgsj45grnZEYYTiyU-qwY=&xsec_source=app_note
2026-06-13,DELF B2,DELF B2 2026年6月场 📍上海,听力[氛围感R] 长听力 tout influençable 短听力 éclairage 阅读[私信R] 第一篇 ens,50,24,54,20,图文,锦鲤三文鱼🍣,https://sns-na-i11.xhscdn.com/notes_uhdr/1040g3qg321bfc98c7o005pnd7bqnc17830u01ko?imageView2/2/w/1440/format/webp&ap=5&sc=SRH_DTL&sign=654ffea7e57af68e8300faeda9990bc5&t=6aa74094,,6a2cd6250000000008003e5d,YBp1NeUtV2FEwmd2Z_HxKBpSeazKj3XDPy_c_0DhoCDTg=,https://www.xiaohongshu.com/explore/6a2cd6250000000008003e5d?xsec_token=YBp1NeUtV2FEwmd2Z_HxKBpSeazKj3XDPy_c_0DhoCDTg=&xsec_source=app_note
2026-05-20,DELF B2/DELF B2口语,DELF B2 生态话题经典口语实例,备课édito B2(2) 这是一一篇经典的B2口语例文： 🍀开篇的introduction先把主题讲清楚： Au f,46,27,1,7,图文,做自己的民族志学家,https://sns-na-i11.xhscdn.com/notes_pre_post/1040g3k0320cnnctulk005no9n31g8b17t4vq6m0?imageView2/2/w/1440/format/webp&ap=5&sc=SRH_DTL&sign=1f2a67b8c16146f0c81332fe4b791e3c&t=6aa74094,,6a0d77ae000000003503bb25,YBkgnq7oGs4adSAzM28kmOZS8P4XzYqUmobIwiNsc6Mco=,https://www.xiaohongshu.com/explore/6a0d77ae000000003503bb25?xsec_token=YBkgnq7oGs4adSAzM28kmOZS8P4XzYqUmobIwiNsc6Mco=&xsec_source=app_note
2026-09-05,DELF B2/法语B2备考/DELF备考,法语DELF B2备考｜🫩第一天……,倒计时70天： 1️⃣过b1备考期间生词700个左右 2️⃣复习重点词汇、背例句 3️⃣听力复健……找了每日法语听力上一,46,14,13,3,图文,itwillpass,https://sns-na-i11.xhscdn.com/1040g2sg324o0uhiq74dg5pj960ehoqe3tef2820?imageView2/2/w/1440/format/webp&ap=5&sc=SRH_DTL&sign=b3faf72e054a5e6599e839896b7a8a6b&t=6aa74094,,6a9c01b30000000012034587,YBnERFdRjXykajzxOj9aQYtVV6O77ONSKWZaLXUoB1bZs=,https://www.xiaohongshu.com/explore/6a9c01b30000000012034587?xsec_token=YBnERFdRjXykajzxOj9aQYtVV6O77ONSKWZaLXUoB1bZs=&xsec_source=app_note
2026-05-09,DELF B2/法语B2备考,恭喜这位女性拿下法语B2,我的学生也是我的学妹法语TEF B2高分通过，超级为她骄傲和开心。🥳 这个暑假她就要去办理法国签证，秋天将开启令人兴奋,43,10,5,10,图文,ColetteColette,https://sns-na-i11.xhscdn.com/notes_pre_post/1040g3k831vuu5kmsiia05oo0qsfkgc5iu083ol8?imageView2/2/w/1440/format/webp&ap=5&sc=SRH_DTL&sign=59bfb78e77b88740319022e6e7a2b63d&t=6aa740a0,,69ff3be7000000001a02eef6,YBs3a4GszS4ycVHK5Yll2XEZPt2roBk9cffdkKZoFIRrI=,https://www.xiaohongshu.com/explore/69ff3be7000000001a02eef6?xsec_token=YBs3a4GszS4ycVHK5Yll2XEZPt2roBk9cffdkKZoFIRrI=&xsec_source=app_note
2026-07-20,DELF B2/DELF B2写作,DELF B2法国场写作真题范文9️⃣: 广告牌泛滥,[赞R]今天分享一道很典型的DELF B2写作题： « 你所在的城市广告牌越来越多，不仅影响城市景观，还可能带来安全、环,44,33,0,4,图文,咕噜法语课堂,https://sns-na-i11.xhscdn.com/notes_pre_post/1040g3k8322rabv54no705n34n7dkd0sstic620g?imageView2/2/w/1440/format/webp&ap=5&sc=SRH_DTL&sign=0bb3c5fe32c39f877708486b6c9866d6&t=6aa740a0,,6a5dea06000000000100caf7,YBWLrkMszWQWDnGYoFZQ8dwlsmSVPxgT7m-K6CaZflDis=,https://www.xiaohongshu.com/explore/6a5dea06000000000100caf7?xsec_token=YBWLrkMszWQWDnGYoFZQ8dwlsmSVPxgT7m-K6CaZflDis=&xsec_source=app_note
2026-09-11,DELF B2/法语B2备考,法语b2听力拿高分的雷霆手段,听不出联诵连音导致理解错误怎么解决？ 以下是具体方法： ①从最近两天做过的听力材料里挑1篇，新闻也好，日常对话也好 ②录,42,33,1,6,图文,Liberté,https://sns-na-i11.xhscdn.com/notes_pre_post/1040g3k8324vh83oc3icg5q1vvvqmr7nbdd44kl8?imageView2/2/w/1440/format/webp&ap=5&sc=SRH_DTL&sign=49d0e35a18f36018f107487b3e2be62f&t=6aa740a0,,6aa3ae62000000002601c8f0,YBtWctSIoKrc7pkOWXRy_9u4SzqolxvyoiMYsBdx5ZeZs=,https://www.xiaohongshu.com/explore/6aa3ae62000000002601c8f0?xsec_token=YBtWctSIoKrc7pkOWXRy_9u4SzqolxvyoiMYsBdx5ZeZs=&xsec_source=app_note
2026-04-25,DELF B2,DELF B2 🇫🇷 主题词（6） - 环境,#法语 #法语法语 #DELF #法语单词 #delf #delf备考 #delfb2 #法语delf考试,40,23,0,0,图文,persevere💫,https://sns-na-i11.xhscdn.com/1040g00831vcqb4vnk0004avu14ar4ahgmkr2m6g?imageView2/2/w/1440/format/webp&ap=5&sc=SRH_DTL&sign=b6a066b69cd2c948fd0498601483e2b9&t=6aa740a0,,69ecafa000000000350252c3,YBMBPkgjbFEtIvbrMEIk_VbFQBbSn0MCKp9X3GfXo6QeI=,https://www.xiaohongshu.com/explore/69ecafa000000000350252c3?xsec_token=YBMBPkgjbFEtIvbrMEIk_VbFQBbSn0MCKp9X3GfXo6QeI=&xsec_source=app_note
2026-05-08,DELF B2,🗣️ DELF B2口语｜过渡用得好，逻辑分⬆️,exposé讲到一半突然断线，辩论时明明有想法却不知道怎么接话，大概率是因为你脑子里没存这些“逻辑胶水”。 今天整理一波,39,32,0,3,图文,alrightt français,https://sns-na-i11.xhscdn.com/notes_pre_post/1040g3k831vtjrjdc2q705od21uu8cmn8cfb6o40?imageView2/2/w/1440/format/webp&ap=5&sc=SRH_DTL&sign=5ced7a49cc38a6941b7e89bb853b178f&t=6aa740a0,,69fde0c80000000038022546,YBEdFq_GVB1B2r8AfrhYKSXPBXOIDngy7fzJJwZ9IcAm8=,https://www.xiaohongshu.com/explore/69fde0c80000000038022546?xsec_token=YBEdFq_GVB1B2r8AfrhYKSXPBXOIDngy7fzJJwZ9IcAm8=&xsec_source=app_note
2026-09-06,DELF B2/法语B2备考,此女正在为法语DelfB2考试而痛苦,b2考试倒计时11天，后悔没有早点开始准备[哭惹R] 现在的我好痛苦[哭惹R] 都二十几岁的人了还要为学习而苦恼，果然年,38,2,39,1,图文,念念,https://sns-na-i11.xhscdn.com/note_pre_post_uhdr/1040g3r0324p8aoi4nk005nqa9tf082h3aecie9g?imageView2/2/w/1440/format/webp&ap=5&sc=SRH_DTL&sign=237426cd5f9564194402df60121c3f6b&t=6aa740a0,,6a9d47be000000000b002605,YBoMW0nGsX4I5bWo7f73KVoJOFmm6nDxMSVOOMFL9Unyw=,https://www.xiaohongshu.com/explore/6a9d47be000000000b002605?xsec_token=YBoMW0nGsX4I5bWo7f73KVoJOFmm6nDxMSVOOMFL9Unyw=&xsec_source=app_note
2026-07-27,DELF B2,DELF B2喜提不合格,果然人生真的总是不会像所幻想的那么顺利啊[叹气R] 下辈子好好学法语吧😇 #法语 #二外法语 #DELF #DE,35,2,32,9,图文,锇砷砷锝砹锗铌,https://sns-na-i11.xhscdn.com/1040g0083233v63aink5g5or90s67qk97apciddg?imageView2/2/w/1440/format/webp&ap=5&sc=SRH_DTL&sign=ddc85cb1f729429b08535f46c0a3789e&t=6aa740a0,,6a66b09000000000060103e8,YBff9bBq3MnDjAMHeG2h6NNo8vzHlQyHClCHnTfh3e8xQ=,https://www.xiaohongshu.com/explore/6a66b09000000000060103e8?xsec_token=YBff9bBq3MnDjAMHeG2h6NNo8vzHlQyHClCHnTfh3e8xQ=&xsec_source=app_note
2026-03-28,DELF B2,给大家普及一下法语B2需要达到的强度,先说一下我的情况：纯零基础，连法语有几个时态都不知道的那种。A1开始完全自学，中间也走过弯路，后来认真备考DELF，一共,34,30,9,5,图文,快乐薯i,https://sns-na-i11.xhscdn.com/notes_pre_post/1040g3k031u89ksqg1u005q9986qs5m2lfm12i98?imageView2/2/w/1440/format/webp&ap=5&sc=SRH_DTL&sign=1565fb3b60b20218361d8c1e5aab9232&t=6aa740a0,,69c747850000000023011ff0,YBfZWa30j4ShuZ_2CSJCVGBRJ8PSIJ8LZU6jNJC0wu4eY=,https://www.xiaohongshu.com/explore/69c747850000000023011ff0?xsec_token=YBfZWa30j4ShuZ_2CSJCVGBRJ8PSIJ8LZU6jNJC0wu4eY=&xsec_source=app_note
2026-07-27,DELF B2,DELF B2出分,震撼亚洲[萌萌哒R]#法语 #法语B,34,0,6,3,图文,阿尔蒂尔,https://sns-na-i11.xhscdn.com/notes_pre_post/1040g3k032341e2oa026g5nf68ong97c4lvdf9hg?imageView2/2/w/1440/format/webp&ap=5&sc=SRH_DTL&sign=7b73a9d404d21674354dcd2cd27f5c31&t=6aa740a0,,6a66c2b400000000100292a8,YBff9bBq3MnDjAMHeG2h6NNqZ5qBlXLpxwoUVnPosDC5Q=,https://www.xiaohongshu.com/explore/6a66c2b400000000100292a8?xsec_token=YBff9bBq3MnDjAMHeG2h6NNqZ5qBlXLpxwoUVnPosDC5Q=&xsec_source=app_note
2026-05-16,DELF B2/DELF B2口语,🇫🇷法语学生delf B2高分出,其实考这个试很多人第一反应就是去背例文，但其实掌握了套路之后，例文看两三篇你就知道是怎么一回事。不到两个月就能完全独立说,33,11,11,3,图文,Chris法语课堂,https://sns-na-i11.xhscdn.com/notes_pre_post/1040g3k03207t8ukq62605ns8k8u08ov8akbdgj0?imageView2/2/w/1440/format/webp&ap=5&sc=SRH_DTL&sign=0a1d3124daa218e08c5fb84296cf8b16&t=6aa740a0,,6a086bcf000000003601c778,YB1HEkXZNlIT37mUMXYHYloZ5QYiQMALloYN5CGZ3avns=,https://www.xiaohongshu.com/explore/6a086bcf000000003601c778?xsec_token=YB1HEkXZNlIT37mUMXYHYloZ5QYiQMALloYN5CGZ3avns=&xsec_source=app_note
2026-05-10,DELF B2/DELF B2写作/DELF备考,批改一上午delf/dalf作文有感,还有一个月就要考试了，不管哪个级别备考，写作板块的宗旨从来都是“完成大于完美” 1）不出任何基础语法错误和拼写错误胜过千,32,11,9,0,图文,莽撞的教学记录,https://sns-na-i11.xhscdn.com/note_pre_post_uhdr/1040g3r831vvit9s6jq005o72shj0bih24m4obng?imageView2/2/w/1440/format/webp&ap=5&sc=SRH_DTL&sign=b6d5ba06589f4e9bd8a097ccf42904f5&t=6aa740a0,,69ffe5ab00000000360183ec,YBs3a4GszS4ycVHK5Yll2XEeG_M5GLDbDtX6l9OusktDM=,https://www.xiaohongshu.com/explore/69ffe5ab00000000360183ec?xsec_token=YBs3a4GszS4ycVHK5Yll2XEeG_M5GLDbDtX6l9OusktDM=&xsec_source=app_note
2026-04-26,DELF B2,DELF B2口语提分方法（超详细版）,DELF B2口语怎么提升？它来喽[派对R][派对R][派对R]#DELFB2 #DELF备考 #法语 #口语,32,36,2,8,图文,起音法语,https://sns-na-i11.xhscdn.com/notes_pre_post/1040g3k831vdb8ds3hm705pje5r91oqmn4ls6m88?imageView2/2/w/1440/format/webp&ap=5&sc=SRH_DTL&sign=b9b734974604db96303df0e4a0d76ea2&t=6aa740a0,,69ed39dd0000000035024712,YBV7KRSHAidg19GmL4UcmpTMsuJb4yjbMujI4e_UZh_Nw=,https://www.xiaohongshu.com/explore/69ed39dd0000000035024712?xsec_token=YBV7KRSHAidg19GmL4UcmpTMsuJb4yjbMujI4e_UZh_Nw=&xsec_source=app_note
2026-07-27,DELF B2,DELF B2拿下！,从去年8.14号开始学。完全0基础开始学的，之前一句法语都不会，后面学了才知道原来怡宝的logo就是 c’est bon,33,15,21,2,图文,吃独食啊我,https://sns-na-i11.xhscdn.com/1040g0083234011pfg2005o1i5k3094i95o0p1fg?imageView2/2/w/1440/format/webp&ap=5&sc=SRH_DTL&sign=aa444934b0e9466ce79ac4f2518f2779&t=6aa740a0,,6a66b920000000001d0201ae,YBff9bBq3MnDjAMHeG2h6NNnqGbNINPOpR9fDsGNPII5g=,https://www.xiaohongshu.com/explore/6a66b920000000001d0201ae?xsec_token=YBff9bBq3MnDjAMHeG2h6NNnqGbNINPOpR9fDsGNPII5g=&xsec_source=app_note
2026-08-11,DELF B2/DELF备考,给大家普及一下法语B2需要达到的真是强度..,#先学2分钟再说 #法语 #法语入门 #法语零基础学习 #法语交际口语 #二外法语 #备考经验 #法语法语,30,16,1,4,视频,哔哔哔,https://sns-na-i11.xhscdn.com/spectrum/1040g34o323nkc4ks70105pqrona21elrkagaf68?imageView2/2/w/1440/format/webp&ap=5&sc=SRH_DTL&sign=f944f559287f1a694ed6f10e074b46c8&t=6aa740a0,,6a7ad292000000002202c54c,YBg9pZ88CTXEBSQkRPdIyFjcgyriaIXw8vABUE4EbhRew=,https://www.xiaohongshu.com/explore/6a7ad292000000002202c54c?xsec_token=YBg9pZ88CTXEBSQkRPdIyFjcgyriaIXw8vABUE4EbhRew=&xsec_source=app_note
2026-06-05,DELF B2/DELF B2口语/DELF备考,DELF B2写作口语万能措施：équilibre,在DELF B2口语和写作中，如果想不到好的solution，可以试着套用找到平衡这一思路，可以应对环境、人工智能、教育,29,23,1,3,图文,雨果教法语,https://sns-na-i11.xhscdn.com/1040g2sg321158fk071305n0oep2hnuhd4u4h9ig?imageView2/2/w/1440/format/webp&ap=5&sc=SRH_DTL&sign=98a67b3222e3956f7a8a382ab589f27d&t=6aa740a0,,6a225dc100000000360002f7,YBT-U_jjsbHbqvrEkEfazrDw8KsMCkYmEIBTYPR1wKHx0=,https://www.xiaohongshu.com/explore/6a225dc100000000360002f7?xsec_token=YBT-U_jjsbHbqvrEkEfazrDw8KsMCkYmEIBTYPR1wKHx0=&xsec_source=app_note
2026-07-12,DELF B2,法语DELF B2正式证书到手，继续冲,#法语 #小语种 #法语零基础学习 #二外法语,29,1,6,0,图文,Yiiiiii,https://sns-na-i11.xhscdn.com/notes_pre_post/1040g3k8322h86jr7nu005p3hhhn43h2k4ucc9i0?imageView2/2/w/1440/format/webp&ap=5&sc=SRH_DTL&sign=e8bb56e06210a777d1a1be8e91ef49ed&t=6aa740a0,,6a53850e00000000170095d3,YB63MF9yEAdT9OBJPl4QuYsLyczae-8FM-DNQnD2AXb08=,https://www.xiaohongshu.com/explore/6a53850e00000000170095d3?xsec_token=YB63MF9yEAdT9OBJPl4QuYsLyczae-8FM-DNQnD2AXb08=&xsec_source=app_note
2026-08-11,DELF B2,18个月DELF裸考B2经验分享贴,#小语种学习howto #法语 #法语翻译 #法语零基础学习 #法国留學 #delf #tcf,27,22,3,6,图文,斯特在法国,https://sns-na-i11.xhscdn.com/1040g2sg323oaef157a705os5g5pnr0pg72tqi9g?imageView2/2/w/1440/format/webp&ap=5&sc=SRH_DTL&sign=56c3ed4048bda5b796e9f2e359c0e590&t=6aa740a0,,6a7b88960000000005032f3a,YBB6fD-qvxf8xjzDMI-CCmIrAz0692gft_9TkDS4MDzgc=,https://www.xiaohongshu.com/explore/6a7b88960000000005032f3a?xsec_token=YBB6fD-qvxf8xjzDMI-CCmIrAz0692gft_9TkDS4MDzgc=&xsec_source=app_note
2026-09-06,DELF B2,法语DELF B2备考｜🤨第二天：依旧听力复健…,倒计时69天: 1️⃣复习重点词汇和作文可用句型，议论文、观点表达、引用权威信息之类的重点句型默写。 2️⃣听力基础太差,27,9,6,0,图文,itwillpass,https://sns-na-i11.xhscdn.com/1040g2sg324p82mus72e05pj960ehoqe3m44nf48?imageView2/2/w/1440/format/webp&ap=5&sc=SRH_DTL&sign=8001026dc4e3196586da96b197906ad0&t=6aa740a0,,6a9d685e000000002900c022,YBoMW0nGsX4I5bWo7f73KVoH1QyHLrw8RWiNtWzeZnZDU=,https://www.xiaohongshu.com/explore/6a9d685e000000002900c022?xsec_token=YBoMW0nGsX4I5bWo7f73KVoH1QyHLrw8RWiNtWzeZnZDU=&xsec_source=app_note
2026-09-09,DELF B2/DELF备考,法语DELF B2备考｜💶第五天：两千又两千～,倒计时66天，已报名： 1️⃣听力6篇，今天六篇都是日常电话交流比较简单，很快就背完过完了，前几个单元是通讯新闻口播之类,25,12,13,2,图文,itwillpass,https://sns-na-i11.xhscdn.com/1040g008324t1tnd332705pj960ehoqe3a2l0bl0?imageView2/2/w/1440/format/webp&ap=5&sc=SRH_DTL&sign=f4f18daab9370b3fbee2784bafd09c02&t=6aa740a0,,6aa15a1400000000120003ef,YBphypXusQ-25hqRK8EQIYjxjqUkP6W1J5DHPFlCvv1NY=,https://www.xiaohongshu.com/explore/6aa15a1400000000120003ef?xsec_token=YBphypXusQ-25hqRK8EQIYjxjqUkP6W1J5DHPFlCvv1NY=&xsec_source=app_note
2026-08-25,DELF B2/DELF备考,26岁考了法语B2，劝大家别想的太天真...,先交代背景：纯法语零基础，非语言专业，和法语八竿子打不着。入坑理由很感性——迷上一部法剧，加上一直想去魁北克和非洲法语区,24,30,6,5,图文,晨之阳法语,https://sns-na-i11.xhscdn.com/spectrum/1040g34o3249k14e00m105q25h1j6r7euiq86mro?imageView2/2/w/1440/format/webp&ap=5&sc=SRH_DTL&sign=b9c3cf94052fb732312bab757e9a9221&t=6aa740a0,,6a8d3e630000000021013890,YByqs-1ORN4G3_ra6_6F2fQxevKsoAilCnbwedfJLb1nA=,https://www.xiaohongshu.com/explore/6a8d3e630000000021013890?xsec_token=YByqs-1ORN4G3_ra6_6F2fQxevKsoAilCnbwedfJLb1nA=&xsec_source=app_note
2026-04-20,DELF B2写作,非法专DELF B2在职备考三个月90分攻略,这么高的分我是真没想到 感谢天津 继续加油咯 [星R]个人情况 基础A2水平，口语甚至都达不到A2，第一次上口语课的时候,318,253,49,24,图文,Liana,https://sns-na-i11.xhscdn.com/1040g00831v5qhg212i004bracr30v8lij8l3hk0?imageView2/2/w/1440/format/webp&ap=5&sc=SRH_DTL&sign=0bd54f1e146744f2ab490ab108de17d0&t=6aa740b6,,69e58410000000002301d428,YBq1PpAqKUvJjPtWRJA3wLR9ou-z9T24l9EO4RJUPtowo=,https://www.xiaohongshu.com/explore/69e58410000000002301d428?xsec_token=YBq1PpAqKUvJjPtWRJA3wLR9ou-z9T24l9EO4RJUPtowo=&xsec_source=app_note
2026-06-04,DELF B2写作/DELF B2口语,DELF B2写作口语万能措施：sensibiliser,DELF B2写作和口语，很多同学平时背了不少表达，但到了考试时还是不知道怎么提出解决方案。 其实比起记住更多单词，更重,131,118,3,18,图文,雨果教法语,https://sns-na-i11.xhscdn.com/1040g2sg320v4ag8qn0605n0oep2hnuhdv36l1g8?imageView2/2/w/1440/format/webp&ap=5&sc=SRH_DTL&sign=673dcdd103c29ac41dede60aa0430068&t=6aa740b6,,6a2033f10000000035033f9c,YBBepO0wb20n6vFCZlfWKOIsPdhiWGUEm6pMYAaGnTlrY=,https://www.xiaohongshu.com/explore/6a2033f10000000035033f9c?xsec_token=YBBepO0wb20n6vFCZlfWKOIsPdhiWGUEm6pMYAaGnTlrY=&xsec_source=app_note
2026-06-14,DELF B2写作,Delf B2 2026年6月国内场次考题合集,听力1：L'influence des gens sur les gens？ 《我们有多容易被他人影响？》 听力2：Lu,74,76,6,15,图文,沉迷的胡桃,https://sns-na-i11.xhscdn.com/notes_pre_post/1040g3k8323234bj1nu705pf5unbh9o5vukk4ikg?imageView2/2/w/1440/format/webp&ap=5&sc=SRH_DTL&sign=7a935a6283a2e663442017e58830572c&t=6aa740b6,,6a2e1b35000000001702c72f,YB3l63kITbDDOgcHW06kQlD5mq5WKfk0kDtV02zNcVpzg=,https://www.xiaohongshu.com/explore/6a2e1b35000000001702c72f?xsec_token=YB3l63kITbDDOgcHW06kQlD5mq5WKfk0kDtV02zNcVpzg=&xsec_source=app_note
2026-04-12,DELF B2写作,倒计时1天⚠️delfb2写作一点通优惠快结束啦,很多人一写就逻辑乱、表达不够B2、凑不够字数，但其实B2写作抓对结构和句型真的很好提分。 这本《DELF B2写作一点通,55,33,6,8,图文,莽撞法语助教,https://sns-na-i11.xhscdn.com/notes_pre_post/1040g3k031urvihng34005pn1cgj7eeu60tll0so?imageView2/2/w/1440/format/webp&ap=5&sc=SRH_DTL&sign=53903ddc1ee8743f3bee981ade29973d&t=6aa740b6,,69db71de0000000023022d27,YBicq5PHdN_eJqOGXMoFItkZxM5nWZQhtX9EsyZqK6GAQ=,https://www.xiaohongshu.com/explore/69db71de0000000023022d27?xsec_token=YBicq5PHdN_eJqOGXMoFItkZxM5nWZQhtX9EsyZqK6GAQ=&xsec_source=app_note
2026-08-01,DELF B2写作,DELFB2备考经验贴（二）写作,三、写作 大家都写过高考英语作文，虽然对我来说高考已经是n年前的事了，但我觉得delf写作和高考英语一样都是八股文，有据,35,14,1,1,图文,dd,https://sns-na-i11.xhscdn.com/notes_pre_post/1040g3k8323ahb2r0nu4g5ogjfm740snckg9h020?imageView2/2/w/1440/format/webp&ap=5&sc=SRH_DTL&sign=b10c07cae2449afebfda5117e929616a&t=6aa740b6,,6a6d89b500000000060047ac,YBY4xrOQABtsGiKxDAqjbiS63v6bY2Pj-bIzGQV6IRGJQ=,https://www.xiaohongshu.com/explore/6a6d89b500000000060047ac?xsec_token=YBY4xrOQABtsGiKxDAqjbiS63v6bY2Pj-bIzGQV6IRGJQ=&xsec_source=app_note
2026-04-15,DELF B2写作,法语作文怎么写？Delf B2写作提分神器！,备考Delf B2的朋友们，还在为法语写作担心吗？这次真的可以帮到你！ 我们的《Delf B2满分作文》是由Delf/D,34,34,11,12,图文,巴黎乃行知法语,https://sns-na-i11.xhscdn.com/spectrum/1040g0k031uvtb0s52s005pkg05qgu51hrv9m6oo?imageView2/2/w/1440/format/webp&ap=5&sc=SRH_DTL&sign=4d7a904db3096b5a9906bd093a35c7de&t=6aa740b6,,69df7835000000002200f605,YBBGrgNscrIbiO-4oR7eGIp9_33Bst9XeX-IkYnDWUNDw=,https://www.xiaohongshu.com/explore/69df7835000000002200f605?xsec_token=YBBGrgNscrIbiO-4oR7eGIp9_33Bst9XeX-IkYnDWUNDw=&xsec_source=app_note
2026-07-27,DELF B2写作,法语DELF B2首考通过！,分数比自己想的要高。我果然还是阅读能力更强，差两分满分，写作口语中等，听力最拉（但是听力题目真的很难啊）。 考这次法语纯,25,2,14,5,图文,楚青,https://sns-na-i11.xhscdn.com/notes_pre_post/1040g3k032340qeatmu0048oh3o2ncs4io36udjo?imageView2/2/w/1440/format/webp&ap=5&sc=SRH_DTL&sign=4841ec1034fce6a96c6a3235ac23f45a&t=6aa740b6,,6a66bfb9000000001101604c,YBD1os52X5jbSOW25WDQpDGNoTjcLtfp_DWYRUcXisnZI=,https://www.xiaohongshu.com/explore/6a66bfb9000000001101604c?xsec_token=YBD1os52X5jbSOW25WDQpDGNoTjcLtfp_DWYRUcXisnZI=&xsec_source=app_note
2026-09-11,DELF B2写作/DELF备考,考商极高‼️DELFDALF的写作到底怎么练？？,DELF/DALF 写作到底考什么、怎么拿高分？ 这期视频把我课程里会讲的写作重点一次说清，得分点是什么？ 真正有效的练,24,10,0,2,视频,Margot小马老师📑,https://sns-na-i11.xhscdn.com/spectrum/1040g34o324vsn8pf341041e0ln1867c11cjh3u0?imageView2/2/w/1440/format/webp&ap=5&sc=SRH_DTL&sign=5fbc21c5fe0f5ff4a6a15ad661e1c89c&t=6aa740b6,,6aa40d4e0000000025036e05,YBYE4HYMb48lLa80_7XNA60XSmhzJk-vTpmtyC2gwqVQQ=,https://www.xiaohongshu.com/explore/6aa40d4e0000000025036e05?xsec_token=YBYE4HYMb48lLa80_7XNA60XSmhzJk-vTpmtyC2gwqVQQ=&xsec_source=app_note
2026-06-10,DELF B2写作,DELF B2写作｜轻松从9分到13分,6月场考前最后三天，你准备好了吗？[暗中观察R] 还没有，作文总感觉“写了好多但分不高”？ . 别怕，这篇攻略就是为你而,22,18,2,3,图文,法语有宁✨,https://sns-na-i11.xhscdn.com/1040g2sg3217k77bfneig491kh72182e06fip3qo?imageView2/2/w/1440/format/webp&ap=5&sc=SRH_DTL&sign=5c78a73795adbebb37b8e98a171ac391&t=6aa740b6,,6a28eafa0000000007021601,YBfNqXvAIUmYL2HmK59rIiRfwNkXUNdWn2EB2itp7q1Ds=,https://www.xiaohongshu.com/explore/6a28eafa0000000007021601?xsec_token=YBfNqXvAIUmYL2HmK59rIiRfwNkXUNdWn2EB2itp7q1Ds=&xsec_source=app_note
2026-07-27,DELF B2写作,流水账之delf b2过了,为了tcf ca 学了两年，上次听力差点分没到clb 8，导致功亏一篑[石化R] 狠狠摆烂一个半月后，抱着“来都来了”的,22,1,28,0,图文,LalaLand🥕,https://sns-na-i11.xhscdn.com/1040g00832340gjpcnk005o0d679g8f1h15tb6i0?imageView2/2/w/1440/format/webp&ap=5&sc=SRH_DTL&sign=ad27f647ed6582bf076da794cea3b360&t=6aa740b6,,6a66bdae000000000a038b01,YBD1os52X5jbSOW25WDQpDGIKnk5cJ-sSGpQKDxGbH2vE=,https://www.xiaohongshu.com/explore/6a66bdae000000000a038b01?xsec_token=YBD1os52X5jbSOW25WDQpDGIKnk5cJ-sSGpQKDxGbH2vE=&xsec_source=app_note
2026-04-21,DELF B2写作/DELF B2口语,15天冲刺DELF B2口语满分,相信很多和我一样的零起点同学都遇到过这些问题：口语张不开嘴，看到考官就紧张，débat时候一个字听不懂，monologu,19,13,1,4,图文,每天吃滨一百次,https://sns-na-i11.xhscdn.com/1040g00831v753bkqig005q58bammbr266aku5e0?imageView2/2/w/1440/format/webp&ap=5&sc=SRH_DTL&sign=3faf88be9157faa3e0870d9ea21fc826&t=6aa740b6,,69e6e8ef000000002202bb1e,YBPufgxT6N-e2l3ZqfbI0YB3yDpScKJqNRJUDkB_2YkaU=,https://www.xiaohongshu.com/explore/69e6e8ef000000002202bb1e?xsec_token=YBPufgxT6N-e2l3ZqfbI0YB3yDpScKJqNRJUDkB_2YkaU=&xsec_source=app_note
2026-08-28,DELF B2写作/DELF B2口语/DELF备考,DELF B2考前4天，我到底背了什么？,,18,14,2,1,图文,李小妞,https://sns-na-i11.xhscdn.com/spectrum/1040g0k0324dgjt43n2004a0ppmhbud4kh2j580o?imageView2/2/w/1440/format/webp&ap=5&sc=SRH_DTL&sign=6c4057a4db152828f8d269f97db3d90e&t=6aa740b6,,6a913a7000000000080113f4,YBNAPKED54J9eMa8L1KCorXn8WAMMgDMFUn8XG-HirHI8=,https://www.xiaohongshu.com/explore/6a913a7000000000080113f4?xsec_token=YBNAPKED54J9eMa8L1KCorXn8WAMMgDMFUn8XG-HirHI8=&xsec_source=app_note
2026-09-07,DELF B2写作,好心提醒开学备考法语B2的不要太老实了,简单说一下我的情况，我是去年考过的法语 B2，零基础，非俄语专业考过的。去年备考的时候迷茫过很长时间，在此也想提醒一下今,16,8,0,0,图文,做一个快乐的小仙女,https://sns-na-i11.xhscdn.com/1040g008324qgv67hig005ngs25h09e938t4vk4g?imageView2/2/w/1440/format/webp&ap=5&sc=SRH_DTL&sign=c02101d9500f7c86dd6fe47652672890&t=6aa740b6,,6a9e8d47000000002b025165,YBAsjdE48O9m-JBWdbCyCqDs-RnVzYwBeDqA5ygRKGEpY=,https://www.xiaohongshu.com/explore/6a9e8d47000000002b025165?xsec_token=YBAsjdE48O9m-JBWdbCyCqDs-RnVzYwBeDqA5ygRKGEpY=&xsec_source=app_note
2026-07-27,DELF B2写作,法语 delf b2 26年6月场出分啦,"阅读口语接近满分[偷笑R] 阅读不意外，一直按C1准备的，地铁阅读法[哇R] 口语抽到télétravail,幸运A[害",16,1,21,0,图文,Bizarre,https://sns-na-i11.xhscdn.com/1040g2sg323411u07msk05oe5tg8k16ufpe7odco?imageView2/2/w/1440/format/webp&ap=5&sc=SRH_DTL&sign=958c144702337156a401d8d432b1dd18&t=6aa740b6,,6a66c0dd000000000f01dbf7,YBD1os52X5jbSOW25WDQpDGHVWDPokuKR7Q_vt-gdTcpU=,https://www.xiaohongshu.com/explore/6a66c0dd000000000f01dbf7?xsec_token=YBD1os52X5jbSOW25WDQpDGHVWDPokuKR7Q_vt-gdTcpU=&xsec_source=app_note
2026-07-31,DELF B2写作,B2写作这5个模块没理清，刷再多题也白费,备考DELF B2写作，资料多不是问题，乱才是。 这份知识库把范文库、240条词汇、100条句法按功能整理好，你只需要跟,13,15,0,5,图文,Max学姐,https://sns-na-i11.xhscdn.com/notes_pre_post/1040g3k032397qvr574005n4ia9nk5ifdj3d29kg?imageView2/2/w/1440/format/webp&ap=5&sc=SRH_DTL&sign=09efe069e3d689d5ddb72dc1d85f8f59&t=6aa740b6,,6a6c158500000000220102b9,YBYwxkrsJ4t2WLAKswgzXKDuPHnxBsL0BH929N95rbXDQ=,https://www.xiaohongshu.com/explore/6a6c158500000000220102b9?xsec_token=YBYwxkrsJ4t2WLAKswgzXKDuPHnxBsL0BH929N95rbXDQ=&xsec_source=app_note
2026-08-03,DELF B2写作,谢谢学员反馈🌹,谢谢大家的反馈，谢谢大家让我的小红书有东西发。 每次考完试不太好意思要成绩单，因为觉得大家和我分享喜悦已经很好了，要成绩,9,3,8,0,图文,莽撞的教学记录,https://sns-na-i11.xhscdn.com/notes_pre_post/1040g3k0323dgs2lgga005o72shj0bih204uct58?imageView2/2/w/1440/format/webp&ap=5&sc=SRH_DTL&sign=1af295aa5770fe3f1d422970b3a2392b&t=6aa740c2,,6a707a03000000000502a702,YBMmw8Id5f-xQVcSIilaO-nI97Z-gFBa7XneGu8OHA9e8=,https://www.xiaohongshu.com/explore/6a707a03000000000502a702?xsec_token=YBMmw8Id5f-xQVcSIilaO-nI97Z-gFBa7XneGu8OHA9e8=&xsec_source=app_note
2026-08-03,DELF B2写作,挑战全网最晚晒26年6月场DELF B2成绩,备考了大半年的努力没有白费 首考能考出这个总成绩我还是挺满意的 只不过没想到写作成绩这么差[汗颜R]但我不打算再考了 考,8,0,11,0,图文,一支瑞恩泰德的话筒,https://sns-na-i11.xhscdn.com/1040g2sg323etf93rnkig5oqni4b63uea7aljnhg?imageView2/2/w/1440/format/webp&ap=5&sc=SRH_DTL&sign=617adad5619b44ecdb26144c50b2d94b&t=6aa740c2,,6a7040f9000000002203211f,YBMmw8Id5f-xQVcSIilaO-nEBccc0s9wa1LnO9ZGGYW0w=,https://www.xiaohongshu.com/explore/6a7040f9000000002203211f?xsec_token=YBMmw8Id5f-xQVcSIilaO-nEBccc0s9wa1LnO9ZGGYW0w=&xsec_source=app_note
2026-08-15,DELF B2写作,背完这5篇，DELF B2写作不上20你揍我（4）,#法语翻译 #法语 #法语零基础学习 #法语交际口语 #二外法语 #法语单词 #外语学习 #少儿法语,8,2,1,1,图文,法语学习00251,https://sns-na-i11.xhscdn.com/1040g2sg323su5mahnu5g5pcfl0nnv046lok5tto?imageView2/2/w/1440/format/webp&ap=5&sc=SRH_DTL&sign=2cdd7cf4d424d0837c269d6bc8eb047c&t=6aa740c2,,6a804157000000002403d7d7,YBxeE8RKqUWy2hz6ucvwu6q4BlPig4GCHIYmUEAjJiAxo=,https://www.xiaohongshu.com/explore/6a804157000000002403d7d7?xsec_token=YBxeE8RKqUWy2hz6ucvwu6q4BlPig4GCHIYmUEAjJiAxo=&xsec_source=app_note
2026-08-19,DELF B2写作,DELF B2写作｜跟着官方判卷标准拿分①,备考B2的烤鸭们看过来👀！ 今天开始，带大家逐字拆解【官方DELF B2写作评分标准】📖！ 官方把评分拆成了三大维度,7,3,0,3,图文,法亚法语培训·留学,https://sns-na-i11.xhscdn.com/spectrum/1040g34o3241mcmk1700g5o8scjm09998m96vc38?imageView2/2/w/1440/format/webp&ap=5&sc=SRH_DTL&sign=3e458e2c0612e59b0e2bfb02b66ac8d7&t=6aa740c2,,6a8526de00000000080105b4,YBbuR1mDOXNrmjrDbmb4UrCM3mYCb1TahIyhxhFhNChP4=,https://www.xiaohongshu.com/explore/6a8526de00000000080105b4?xsec_token=YBbuR1mDOXNrmjrDbmb4UrCM3mYCb1TahIyhxhFhNChP4=&xsec_source=app_note
2026-08-29,DELF B2写作,法语B2终于上岸了可以给你们写tips了,1、每天背单词三十到四十个就行，不用追求每天新学太多单词，记不住还容易忘。 - 2、单词和语法结合句子进行记忆，而不是死,7,6,0,1,图文,公主说,https://sns-na-i11.xhscdn.com/notes_pre_post/1040g3k8324entr0s7a705ntgplpg99fjeduumh8?imageView2/2/w/1440/format/webp&ap=5&sc=SRH_DTL&sign=b6aed7f6bdd68d752721027bbe7179a9&t=6aa740c2,,6a927c7e0000000020032e13,YBqgn7GzGstsic92sZi3SeScWcIeHW1TE9AnX0ltbE9YU=,https://www.xiaohongshu.com/explore/6a927c7e0000000020032e13?xsec_token=YBqgn7GzGstsic92sZi3SeScWcIeHW1TE9AnX0ltbE9YU=&xsec_source=app_note
2026-06-02,DELF B2写作,法语DELF考试要掌握的干货词汇（一）,分享DELF考试中常用的写作和口语表达，包括对立、目的、原因、结果和让步的表达法，非常实用的干货资料哦。建议收藏关注[飞,7,9,0,1,图文,教法语的吕老师,https://sns-na-i11.xhscdn.com/notes_pre_post/1040g3k0320tmjtrs7a00400ad81on3b8d848d68?imageView2/2/w/1440/format/webp&ap=5&sc=SRH_DTL&sign=4f573511c2fede8ec05dc8da5e600d95&t=6aa740c2,,6a1ebc79000000000803fc4f,YB7e0e12Ls6n-_FlRJgfYsWLQyPPQrkeuQjZvasS29XLU=,https://www.xiaohongshu.com/explore/6a1ebc79000000000803fc4f?xsec_token=YB7e0e12Ls6n-_FlRJgfYsWLQyPPQrkeuQjZvasS29XLU=&xsec_source=app_note
2026-08-14,DELF B2写作,背完这5篇，DELF B2写作不上20你揍我（3）,#小语种学习howto #法语翻译 #法语 #法语零基础学习 #法语交际口语 #二外法语 #小语种 #法语,7,8,0,2,图文,法语学习00251,https://sns-na-i11.xhscdn.com/notes_pre_post/1040g3k8323rlethmnad05pcfl0nnv046ac32nb0?imageView2/2/w/1440/format/webp&ap=5&sc=SRH_DTL&sign=4c0a761f02925ca69c7c4847ebe394cf&t=6aa740c2,,6a7ef3a2000000002403e023,YB1rGxpGPzCS4pmX65WTyCVTqMNZnxnp7RQAFmw8b32iE=,https://www.xiaohongshu.com/explore/6a7ef3a2000000002403e023?xsec_token=YB1rGxpGPzCS4pmX65WTyCVTqMNZnxnp7RQAFmw8b32iE=&xsec_source=app_note
2026-09-12,DELF B2写作,DELF B2反对信，有态度也要有分寸,姐妹，投诉/反对信不是越凶越有力。 真正好用的是： 你知道自己现在该生气到几分。 轻一点，可以先表达遗憾。 中间档，直接,6,2,1,0,图文,MAXNote学外语,https://sns-na-i11.xhscdn.com/spectrum/1040g0k0324v93k4cj0005qad0apdp8nnjlfm1g0?imageView2/2/w/1440/format/webp&ap=5&sc=SRH_DTL&sign=191a9d435e466bd04c037ea5852f11f2&t=6aa740c2,,6aa36bb1000000001103608e,YBsahyf2ZT_g830rX1WiA9EmiXZNI1yBze_WuDRDvAnWU=,https://www.xiaohongshu.com/explore/6aa36bb1000000001103608e?xsec_token=YBsahyf2ZT_g830rX1WiA9EmiXZNI1yBze_WuDRDvAnWU=&xsec_source=app_note
2026-08-31,DELF B2写作,🇫🇷法语DELF B2写作怎么拿分？④,恭喜大家已经掌握了三个法语DELF B2拿分关键点！🏁 👉今天进最后大维度 Compétence linguisti,5,1,0,0,图文,法亚法语培训·留学,https://sns-na-i11.xhscdn.com/spectrum/1040g34o324haamicn4105o8scjm09998o2c7j8o?imageView2/2/w/1440/format/webp&ap=5&sc=SRH_DTL&sign=4e3a17d2d647cff407472278a4dab916&t=6aa740c2,,6a9524cb0000000020030f82,YBHdhi_h7OHdP6Huy7MyD1bs1plat7FN8avtTGHQeECe8=,https://www.xiaohongshu.com/explore/6a9524cb0000000020030f82?xsec_token=YBHdhi_h7OHdP6Huy7MyD1bs1plat7FN8avtTGHQeECe8=&xsec_source=app_note
2026-08-16,DELF B2写作,DELF B2写作错题集，背完少丢一半分,写DELF B2作文，性数、时态、语体这三块最容易丢分。性数配合错，比如 les problèmes qui m'inq,5,6,1,0,图文,Max学姐,https://sns-na-i11.xhscdn.com/spectrum/1040g0k0323tmhkfbmu005n4ia9nk5ifdouiobk0?imageView2/2/w/1440/format/webp&ap=5&sc=SRH_DTL&sign=94edadd4932fd82578c074892f2dc7a3&t=6aa740c2,,6a81099c00000000280066f2,YBsTMprnCVjHPYlV4weU4GIupNgcsl-XwzRJtMT6SyOZo=,https://www.xiaohongshu.com/explore/6a81099c00000000280066f2?xsec_token=YBsTMprnCVjHPYlV4weU4GIupNgcsl-XwzRJtMT6SyOZo=&xsec_source=app_note
2026-08-21,DELF B2写作,真的会谢！原来B2写作这么简单,DELF B2写作表达观点，别只会je pense que。 DELF B2写作要求至少250词，如果通篇只用je pe,5,8,2,1,图文,Max笔记,https://sns-na-i11.xhscdn.com/spectrum/1040g34o3244dbkst0m705q0au683jh523mb90no?imageView2/2/w/1440/format/webp&ap=5&sc=SRH_DTL&sign=90fa6ee13b273d2e497298b3e3e260e5&t=6aa740c2,,6a87e9f4000000003003cad6,YBxsfBP9P6rvBwRehdU7K55uO-dgYCJ4snoJM_yLCog68=,https://www.xiaohongshu.com/explore/6a87e9f4000000003003cad6?xsec_token=YBxsfBP9P6rvBwRehdU7K55uO-dgYCJ4snoJM_yLCog68=&xsec_source=app_note
2026-09-02,DELF B2写作,个人认为法语B2写作提分最快的方式,1️⃣法语的B2考试有两篇写作，一个议论文和一个应用文。DELF写作重中之重就是结构，议论文的要求是论点要明确、逻辑要完,5,4,0,1,图文,公主说,https://sns-na-i11.xhscdn.com/notes_pre_post/1040g3k8324jutcim7u705ntgplpg99fj74nq01o?imageView2/2/w/1440/format/webp&ap=5&sc=SRH_DTL&sign=dbec6b82f7ef3c80c91b4be868c3a048&t=6aa740c2,,6a97d45e0000000011030282,YBM4HLJ5jVc_OIKjwMet2-dE6R3PuKQkIGCCXzTjECImg=,https://www.xiaohongshu.com/explore/6a97d45e0000000011030282?xsec_token=YBM4HLJ5jVc_OIKjwMet2-dE6R3PuKQkIGCCXzTjECImg=&xsec_source=app_note
2026-08-31,DELF B2写作,DELFB2写作12分上不去？,DELF B2写作评分标准是很多考生卡在12分的关键。官方评分表包含5个维度，每个维度按表现档位评为0、1、3或5分，并,5,4,1,2,图文,MAXNote学外语,https://sns-na-i11.xhscdn.com/spectrum/1040g0k0324hun2va6u0g5qad0apdp8nntm9fch0?imageView2/2/w/1440/format/webp&ap=5&sc=SRH_DTL&sign=9bf470695331c641da1fa1710b875973&t=6aa740c2,,6a95c714000000001103a812,YBHdhi_h7OHdP6Huy7MyD1bn8JBo5oKQaUN0-9zkYA6SE=,https://www.xiaohongshu.com/explore/6a95c714000000001103a812?xsec_token=YBHdhi_h7OHdP6Huy7MyD1bn8JBo5oKQaUN0-9zkYA6SE=&xsec_source=app_note
2026-09-12,DELF B2写作,🎤外刊精读·DELF B1/B2-席琳·迪翁大回归,#法语 #法语DELF #DELFB2 #DELFB1 #法语备考 #法语单词 #法语口语 #法语写作,5,6,0,0,图文,Pauline&小🍡丸兔🐰,https://sns-na-i11.xhscdn.com/1040g00832518t6mj36605of7q73415ohiat9nl0?imageView2/2/w/1440/format/webp&ap=5&sc=SRH_DTL&sign=41ea45e24c4a96dc46ad79ab255b03f8&t=6aa740c2,,6aa57684000000001001dc61,YBVkfZ72GGMpdKBXbljZl0QoylIUycRtnNUBAZBmkoFLQ=,https://www.xiaohongshu.com/explore/6aa57684000000001001dc61?xsec_token=YBVkfZ72GGMpdKBXbljZl0QoylIUycRtnNUBAZBmkoFLQ=&xsec_source=app_note
2026-09-03,DELF B2写作,还有谁！,一周极限备考，就刷了三套题，练了一次口语，写了零篇作文。我就继续这样当赌徒#delfb2 #delf备考 #裸考的后,5,0,1,0,图文,O泡果奶哦哦哦,https://sns-na-i11.xhscdn.com/notes_pre_post/1040g3k0324ld9n22na605p48a63759l9gii3q1o?imageView2/2/w/1440/format/webp&ap=5&sc=SRH_DTL&sign=b4d76c1c3dfcc705c63bf8b6f82bf216&t=6aa740c2,,6a9950c8000000002a02eb1f,YBGabI0ELyi7viSvaaupSd3S4-Z8o3T4wfMdGZuAZ0gio=,https://www.xiaohongshu.com/explore/6a9950c8000000002a02eb1f?xsec_token=YBGabI0ELyi7viSvaaupSd3S4-Z8o3T4wfMdGZuAZ0gio=&xsec_source=app_note
2026-08-14,DELF B2写作,DELF B2写作开头结尾别再自己编了,DELF B2写作，开头结尾别再自己编了。 练习中常见的在正式信上花太多时间纠结格式，导致主体段来不及展开。 其实按写信,4,3,1,0,图文,MAXNote学外语,https://sns-na-i11.xhscdn.com/spectrum/1040g0k0323oulq0k6u2g5qad0apdp8nnul7hev8?imageView2/2/w/1440/format/webp&ap=5&sc=SRH_DTL&sign=5d91dcc868ba5a22068cb585aa701b37&t=6aa740c2,,6a7c2cc10000000032021815,YBKR3fHJzMaUaD68R7K9ZCOBUUhmMEmPgZhIkXMF6nGm8=,https://www.xiaohongshu.com/explore/6a7c2cc10000000032021815?xsec_token=YBKR3fHJzMaUaD68R7K9ZCOBUUhmMEmPgZhIkXMF6nGm8=&xsec_source=app_note
2026-07-09,DELF B2写作,法语B2写作口语：观点越多，反而越难拿高分,DELF B2写作口语高分不在于观点数量，而在于每个观点的深度论证。#法语 #法语写作 #二外法语 #法语口语,4,2,0,1,图文,雨果教法语,https://sns-na-i11.xhscdn.com/1040g2sg322cn0ism724g5n0oep2hnuhd58i73ig?imageView2/2/w/1440/format/webp&ap=5&sc=SRH_DTL&sign=16b55215f6169d7025ccfcf8813e6ad9&t=6aa740c2,,6a4ee5b0000000000f031c78,YBcNE1YjICyAw-UWGqGWBJQ5ucEHa19JEjGsk2u_TT1BI=,https://www.xiaohongshu.com/explore/6a4ee5b0000000000f031c78?xsec_token=YBcNE1YjICyAw-UWGqGWBJQ5ucEHa19JEjGsk2u_TT1BI=&xsec_source=app_note
2026-09-08,DELF B2写作,DELF B2写完别只会怀疑人生,姐妹，最烦的不是写错。 是你写完一篇，盯着看半天： 到底哪不行？ 语法？ 词太简单？ 还是整篇其实就没答到点上？ 这时候,3,0,1,0,图文,MAXNote学外语,https://sns-na-i11.xhscdn.com/spectrum/1040g0k0324oblm8lmu005qad0apdp8nncii5an0?imageView2/2/w/1440/format/webp&ap=5&sc=SRH_DTL&sign=879b978d3de1b4c3adae4a8bddc1cb83&t=6aa740c2,,6a9c55a70000000029017a4d,YBENzfR_cb9lZrn_JT7Zrlc_bWvkP8X-TNMyWDY_UubkM=,https://www.xiaohongshu.com/explore/6a9c55a70000000029017a4d?xsec_token=YBENzfR_cb9lZrn_JT7Zrlc_bWvkP8X-TNMyWDY_UubkM=&xsec_source=app_note
2026-09-08,DELF B2写作,🇫🇷DELF B2写作⑤｜语法句法这样拿分,恭喜大家已经掌握了四个法语DELF B2拿分关键点！🏁 👉今天正式完结，拆解最终章： Compétence ling,3,0,0,1,图文,法亚法语培训·留学,https://sns-na-i11.xhscdn.com/spectrum/1040g34o324rbiu3c1m105o8scjm099982kpkkoo?imageView2/2/w/1440/format/webp&ap=5&sc=SRH_DTL&sign=64d2ab16588702a81ef133db0269de34&t=6aa740c2,,6a9f6db6000000002b024154,YBoWaOW3U8BtADCNJH8DJJvf4ykhL4TCd1RZuyguuyXwk=,https://www.xiaohongshu.com/explore/6a9f6db6000000002b024154?xsec_token=YBoWaOW3U8BtADCNJH8DJJvf4ykhL4TCd1RZuyguuyXwk=&xsec_source=app_note
2026-09-13,DELF B2写作,DELF B2转折，mais别干到底,想写“但是”，别整篇都靠 mais。 论坛里可以自然一点： mais pourtant cependant 正式信再稳一,3,0,1,0,图文,MAXNote学外语,https://sns-na-i11.xhscdn.com/spectrum/1040g0k0324v9haguj4005qad0apdp8nn2eb1658?imageView2/2/w/1440/format/webp&ap=5&sc=SRH_DTL&sign=e15c31b9d34e6d91bff64c662b4f8d2a&t=6aa740c2,,6aa36f9f000000001001ea96,YBsahyf2ZT_g830rX1WiA9ErlO1fZft960iYTS-dZsiXI=,https://www.xiaohongshu.com/explore/6aa36f9f000000001001ea96?xsec_token=YBsahyf2ZT_g830rX1WiA9ErlO1fZft960iYTS-dZsiXI=&xsec_source=app_note
2026-08-31,DELF B2写作,DELF B2写作这么写 真会扣分啊！,明明每个单词都认识，组合起来却总有一股浓浓的‘翻译腔’？在 DELF B2 写作中，这种语体不分的问题往往比语法错误更让,3,7,1,2,图文,Max学姐,https://sns-na-i11.xhscdn.com/spectrum/1040g34o324h79b1b74a05n4ia9nk5ifdpk1gedo?imageView2/2/w/1440/format/webp&ap=5&sc=SRH_DTL&sign=e89ce7cc178932b37748db4f15628a0f&t=6aa740ce,,6a950757000000002c03d563,YB4XwaqetMG2nb6rvPs8D_O1CUO3kVU2doYi5HISTH71w=,https://www.xiaohongshu.com/explore/6a950757000000002c03d563?xsec_token=YB4XwaqetMG2nb6rvPs8D_O1CUO3kVU2doYi5HISTH71w=&xsec_source=app_note
2026-08-14,DELF B2写作,DELFB2写作万能句 反对意见就靠这5组就够了,DELF B2写作，反对意见别只会一种。写投诉信或论坛回复时，用“Je ne suis pas d'accord”显得生,3,4,1,0,图文,Max学姐,https://sns-na-i11.xhscdn.com/spectrum/1040g0k0323rere62gm005n4ia9nk5ifd1t9shs8?imageView2/2/w/1440/format/webp&ap=5&sc=SRH_DTL&sign=66888f1f9323f609ac5db0a198002bfb&t=6aa740ce,,6a7ebdc3000000003300bbc3,YBj1_ltcyxYBSvI18olbkz241xYR0EVQs_KS_g_e7THHg=,https://www.xiaohongshu.com/explore/6a7ebdc3000000003300bbc3?xsec_token=YBj1_ltcyxYBSvI18olbkz241xYR0EVQs_KS_g_e7THHg=&xsec_source=app_note
2026-08-13,DELF B2写作,DELF B2写作读题3步，写完再也不怕偏题啦,DELF B2写作里，跑题是最可惜的失分。我见过太多人，题目还没读完就动笔，写到一半发现理解错了。读题其实有套路，3步就,4,3,1,0,图文,Max笔记,https://sns-na-i11.xhscdn.com/spectrum/1040g34o323q2eot20m705q0au683jh5244g4im8?imageView2/2/w/1440/format/webp&ap=5&sc=SRH_DTL&sign=f94feabb8d6bad8b249662ed6bae0e3f&t=6aa740ce,,6a7d5230000000002403f0ba,YB3jcx1llsHJIxuMy1-eNhnRiQ84awp7S7bvookCVYHT4=,https://www.xiaohongshu.com/explore/6a7d5230000000002403f0ba?xsec_token=YB3jcx1llsHJIxuMy1-eNhnRiQ84awp7S7bvookCVYHT4=&xsec_source=app_note
2026-09-11,DELF B2写作,DELF B2作文这样“偷懒”更高分,法语写作遇到拿不准的词，硬写怕错，不写卡壳？别慌，这篇教你安全降级。 核心思路是依据三条标准决定换不换：动词搭配没把握,2,0,1,1,图文,Max学姐,https://sns-na-i11.xhscdn.com/spectrum/1040g34o324upqfh0j2505n4ia9nk5ifd4nucivg?imageView2/2/w/1440/format/webp&ap=5&sc=SRH_DTL&sign=40c5494a43adb9348f697197722da38e&t=6aa740ce,,6aa2ee9d000000002b013069,YBNfoIwn-okIhxTKCmJWpBR4cYtNJ720pRz1ohFSZGHKE=,https://www.xiaohongshu.com/explore/6aa2ee9d000000002b013069?xsec_token=YBNfoIwn-okIhxTKCmJWpBR4cYtNJ720pRz1ohFSZGHKE=&xsec_source=app_note
2026-09-11,DELF B2写作,法语老师不说 但B2作文拿高分全靠这几点！,写法语作文总被题目材料牵着走？试试这套从消化到独立的进阶法。 面对B2考题，先做概括、改写、引述与质疑这“四件事”打底,2,2,1,0,图文,Max学姐,https://sns-na-i11.xhscdn.com/spectrum/1040g0k0324upk8ci2s005n4ia9nk5ifdtkjs8ro?imageView2/2/w/1440/format/webp&ap=5&sc=SRH_DTL&sign=e573b9d162bb751fee19ed676c795c56&t=6aa740ce,,6aa2ecfb000000002b0251f6,YBNfoIwn-okIhxTKCmJWpBRwL07v9cWokrgs4M_R68LHM=,https://www.xiaohongshu.com/explore/6aa2ecfb000000002b0251f6?xsec_token=YBNfoIwn-okIhxTKCmJWpBRwL07v9cWokrgs4M_R68LHM=&xsec_source=app_note
2026-08-25,DELF B2写作,原来法语DELF B2写作是这么拿分的！,前两篇讲了【任务完成度】和【连贯衔接】 👉今天拆第二大维度：社会语言能力（Compétence sociolingui,2,1,0,1,图文,法亚法语培训·留学,https://sns-na-i11.xhscdn.com/spectrum/1040g34o3249ci6tjn2105o8scjm09998j75une8?imageView2/2/w/1440/format/webp&ap=5&sc=SRH_DTL&sign=c3d32d8a70a433a62133070a40ae4e8a&t=6aa740ce,,6a8d099f000000001a027e2e,YBO5vf5r0PTMtuMWHJfLQCBPMG-ORtNHIR2XBmVDfkA1g=,https://www.xiaohongshu.com/explore/6a8d099f000000001a027e2e?xsec_token=YBO5vf5r0PTMtuMWHJfLQCBPMG-ORtNHIR2XBmVDfkA1g=&xsec_source=app_note
2026-08-31,DELF B2写作,DELFB2写作没标准答案但有节奏 记得照抄,我们将60分钟拆解为五个关键阶段：前10分钟用于深度审题，明确文体、对象和核心论点，避免方向性错误；接下来10分钟搭建骨,2,2,1,0,图文,Max学姐,https://sns-na-i11.xhscdn.com/spectrum/1040g34o324h7joua0s705n4ia9nk5ifdqfihong?imageView2/2/w/1440/format/webp&ap=5&sc=SRH_DTL&sign=4e31bc6f96b19a0147b85feb3c578217&t=6aa740ce,,6a9509ef00000000290341d4,YB4XwaqetMG2nb6rvPs8D_O_JcWp0lSngI-I3g4z-ioJA=,https://www.xiaohongshu.com/explore/6a9509ef00000000290341d4?xsec_token=YB4XwaqetMG2nb6rvPs8D_O_JcWp0lSngI-I3g4z-ioJA=&xsec_source=app_note
2026-09-06,DELF B2写作,DELF B2别写到一半才发现跑题！！,姐妹，最崩溃的不是不会写。 是你狠狠干了20分钟， 突然发现—— 等下，我是不是理解错题了🙂 这时候真的很想原地消失,2,2,1,0,图文,MAXNote学外语,https://sns-na-i11.xhscdn.com/spectrum/1040g0k0324ijiiqgn2005qad0apdp8nn76gnsig?imageView2/2/w/1440/format/webp&ap=5&sc=SRH_DTL&sign=064c45771b330389dbc12112477f2b78&t=6aa740ce,,6a967193000000001203ec44,YBuopUN3zymlcEE5skZx-GBrZdMgnf4Zifh0lnYvvXrpg=,https://www.xiaohongshu.com/explore/6a967193000000001203ec44?xsec_token=YBuopUN3zymlcEE5skZx-GBrZdMgnf4Zifh0lnYvvXrpg=&xsec_source=app_note
2026-09-09,DELF B2写作,看完这篇我总算分清B2写作语域了,备考DELFB2写作信件和议论文，还在纠结格式与任务要求？这篇笔记帮你一次性理清正式信、议论文及论坛帖的核心规范。 内容,2,1,1,0,图文,Max学姐,https://sns-na-i11.xhscdn.com/spectrum/1040g0k0324sumlguj4005n4ia9nk5ifdhen03r0?imageView2/2/w/1440/format/webp&ap=5&sc=SRH_DTL&sign=69bce0cea7c8e2b043f68ca6d8017f3a&t=6aa740ce,,6aa10a4e000000002a02724c,YBbMgCtMUijPLt8u_G1re8KTMCKbLEzat9RrlcW1zEX0k=,https://www.xiaohongshu.com/explore/6aa10a4e000000002a02724c?xsec_token=YBbMgCtMUijPLt8u_G1re8KTMCKbLEzat9RrlcW1zEX0k=&xsec_source=app_note
2026-08-27,DELF B2写作,DELFB2 千万别上来就开始写作啊!,前10分钟用于审题与情境拆解。不要急着动笔，先分析题目情境与受众，确定文体（正式信、论坛投稿等）和核心立场。官方建议先分,1,0,1,0,图文,Max笔记,https://sns-na-i11.xhscdn.com/spectrum/1040g0k0324angsb4n4005q0au683jh52i4vbvr8?imageView2/2/w/1440/format/webp&ap=5&sc=SRH_DTL&sign=39ccf83a1fbd1da88ae2850c484e0fd1&t=6aa740ce,,6a8e616f0000000024007d87,YB4HpjlFbFoZ3Cq_EQPpT9S0fLCoyhd-pOfethWijhKRw=,https://www.xiaohongshu.com/explore/6a8e616f0000000024007d87?xsec_token=YB4HpjlFbFoZ3Cq_EQPpT9S0fLCoyhd-pOfethWijhKRw=&xsec_source=app_note
2026-08-27,DELF B2写作,抄作业！B2写作千万别上来就开写啊,面对DELF B2写作限时，建立稳定的答题节奏是关键。官方建议先分析题目与写作情境，再组织引言、展开和结论，并用具体例子,1,2,1,0,图文,Max笔记,https://sns-na-i11.xhscdn.com/spectrum/1040g0k0324an8dkm0m005q0au683jh522s50ft0?imageView2/2/w/1440/format/webp&ap=5&sc=SRH_DTL&sign=a9a0212aca882a402479eff403284de4&t=6aa740ce,,6a8e5f1f000000000a00b935,YB4HpjlFbFoZ3Cq_EQPpT9S0PryZa66Lgul8oZ5KB1FB0=,https://www.xiaohongshu.com/explore/6a8e5f1f000000000a00b935?xsec_token=YB4HpjlFbFoZ3Cq_EQPpT9S0PryZa66Lgul8oZ5KB1FB0=&xsec_source=app_note
2026-09-10,DELF B2写作,建议码住📌DELF B2论坛帖的高分互动模板,写B2论坛长帖怕自说自话？试试这招双线结构，让读者忍不住留言。 首段用“Je trouve que...”亮明态度，第二,1,0,1,0,图文,Max学姐,https://sns-na-i11.xhscdn.com/spectrum/1040g34o324uosavi2u005n4ia9nk5ifdgksno1o?imageView2/2/w/1440/format/webp&ap=5&sc=SRH_DTL&sign=b643659d5641a9bf682b3a4dd7caf59b&t=6aa740ce,,6aa2e6c9000000000b000d9e,YBNfoIwn-okIhxTKCmJWpBR19ePiRvgWtUPfr7gWe3ecA=,https://www.xiaohongshu.com/explore/6aa2e6c9000000000b000d9e?xsec_token=YBNfoIwn-okIhxTKCmJWpBR19ePiRvgWtUPfr7gWe3ecA=&xsec_source=app_note
2026-08-16,DELF B2写作,DELF B2写作资料太散？方法来了,DELF B2写作资料太散？直接按功能整理，一次到位。 练习中常见的网盘里存满模板和范文，练习时却找不到合适素材？ 可以,1,3,1,0,图文,MAXNote学外语,https://sns-na-i11.xhscdn.com/spectrum/1040g0k0323s1s425mu0g5qad0apdp8nn41gnkfo?imageView2/2/w/1440/format/webp&ap=5&sc=SRH_DTL&sign=93a5ef4b0b28d02e22de4823bc3c26bc&t=6aa740ce,,6a7f59db000000003203385b,YBDQvs-6mVTLKcE9k_59QxWSyjxeQADfahxVSoObDxzps=,https://www.xiaohongshu.com/explore/6a7f59db000000003203385b?xsec_token=YBDQvs-6mVTLKcE9k_59QxWSyjxeQADfahxVSoObDxzps=&xsec_source=app_note
2026-09-11,DELF B2写作,DELF B2提分，你还愁什么愁,姐妹，写完一篇作文最容易干嘛？ 盯着它看半天： 感觉哪都不太行。 这种最没用🙂 我现在直接拆成5块看： 任务完成没 题,1,0,1,0,图文,MAXNote学外语,https://sns-na-i11.xhscdn.com/spectrum/1040g0k0324oc290g72005qad0apdp8nnlgou5qg?imageView2/2/w/1440/format/webp&ap=5&sc=SRH_DTL&sign=8e738e8304d541f44e4a6fe08d770345&t=6aa740ce,,6a9c59050000000029017d56,YBKga8tHkEOMZIows64PKMRqDBe1iwmELOLIvwhZK6dfo=,https://www.xiaohongshu.com/explore/6a9c59050000000029017d56?xsec_token=YBKga8tHkEOMZIows64PKMRqDBe1iwmELOLIvwhZK6dfo=&xsec_source=app_note
2026-09-10,DELF B2写作,DELF B2写作｜别急着动笔！先做这4步,拿到DELF B2写作题目先别急着动笔！很多考生丢分不是因为词汇量不够，而是审题偏差。这篇笔记把复杂的写作任务拆解为清晰,1,1,1,0,图文,Max学姐,https://sns-na-i11.xhscdn.com/spectrum/1040g0k0324uotlg2is005n4ia9nk5ifdjfotf7g?imageView2/2/w/1440/format/webp&ap=5&sc=SRH_DTL&sign=e52672b386962649b4b248197a124d6c&t=6aa740ce,,6aa2e71b0000000027017068,YBNfoIwn-okIhxTKCmJWpBR-x71yNWr9BQz7ey9CoWEJM=,https://www.xiaohongshu.com/explore/6aa2e71b0000000027017068?xsec_token=YBNfoIwn-okIhxTKCmJWpBR-x71yNWr9BQz7ey9CoWEJM=&xsec_source=app_note
2026-09-10,DELF B2写作,真的会谢😅B2作文里这些高级词其实减分,写完DELF B2写作别急着交卷，按这三层顺序自查能避开80%的低分陷阱。 第一层查任务完成度：论点是否清晰、展开是否充,1,1,1,0,图文,Max学姐,https://sns-na-i11.xhscdn.com/spectrum/1040g0k0324uoup6tis005n4ia9nk5ifdcdq741g?imageView2/2/w/1440/format/webp&ap=5&sc=SRH_DTL&sign=43c756250624f4e9404d3a2e62f2067b&t=6aa740ce,,6aa2e787000000002601c69a,YBNfoIwn-okIhxTKCmJWpBRxz32F_qQiIjwzNUsjGwGS8=,https://www.xiaohongshu.com/explore/6aa2e787000000002601c69a?xsec_token=YBNfoIwn-okIhxTKCmJWpBRxz32F_qQiIjwzNUsjGwGS8=&xsec_source=app_note
2026-09-12,DELF B2写作,喜报🎉学员顺利拿下 DELF B2 法语证书！,努力终有回报✨分享我们学员新鲜出炉的 DELF B2 证书。 DELF 是法国教育部官方颁发的法语等级证书，全球认可,1,1,1,0,图文,拓特法语外教一对一,https://sns-na-i11.xhscdn.com/spectrum/1040g34o324qhrc81hk0g5qggcfmg8u00k7lc9d8?imageView2/2/w/1440/format/webp&ap=5&sc=SRH_DTL&sign=163acdc86d2766f58f94926a7da91204&t=6aa740ce,,6a9e95030000000011038258,YBKQCiou-guk0mdHSm8JuNzEYGOcZPqp_nkiH8Zp116ys=,https://www.xiaohongshu.com/explore/6a9e95030000000011038258?xsec_token=YBKQCiou-guk0mdHSm8JuNzEYGOcZPqp_nkiH8Zp116ys=&xsec_source=app_note
2026-09-09,DELF B2写作,B2写作动笔前 我靠这3步审题,拿到B2写作题目先别急着动笔，审题定位才是关键。 本文拆解了动笔前的三步审题法，帮你彻底理清题意。通过真题演示，直观展示,1,0,1,1,图文,Max学姐,https://sns-na-i11.xhscdn.com/spectrum/1040g0k0324suq2ap2u005n4ia9nk5ifduk7kpjg?imageView2/2/w/1440/format/webp&ap=5&sc=SRH_DTL&sign=f2e25e84c6aa5416e9f5ba6de39a9aad&t=6aa740ce,,6aa10b1c000000002601dc90,YBbMgCtMUijPLt8u_G1re8KexwFHjRMDqM36ynoX8pn5g=,https://www.xiaohongshu.com/explore/6aa10b1c000000002601dc90?xsec_token=YBbMgCtMUijPLt8u_G1re8KexwFHjRMDqM36ynoX8pn5g=&xsec_source=app_note
2026-08-14,DELF B2写作,DELF B2写作高分的人，都这样分配60分钟,DELF B2写作时间分配，我踩过最大的坑，就是审题和草稿花了 20 分钟，正文只能狂写，最后没时间检查。后来我把,1,0,1,0,图文,Max笔记,https://sns-na-i11.xhscdn.com/spectrum/1040g34o323rqees770705q0au683jh529t00t0g?imageView2/2/w/1440/format/webp&ap=5&sc=SRH_DTL&sign=06b0506e71d3d51119d3d6aeb00fd738&t=6aa740ce,,6a7f1ca8000000003400c9c0,YBDQvs-6mVTLKcE9k_59QxWT8ovAysFnD5gfVsMCd3Lso=,https://www.xiaohongshu.com/explore/6a7f1ca8000000003400c9c0?xsec_token=YBDQvs-6mVTLKcE9k_59QxWT8ovAysFnD5gfVsMCd3Lso=&xsec_source=app_note
2026-09-11,DELF B2写作,DELF B2写作｜关于怎么做时间管理大师,准备法语写作时，这篇可以作为查阅参考。写DELFB2作文总怕篇幅失控？别慌，掌握段落详略的节奏感，分数自然稳。 核心秘诀,1,1,1,0,图文,Max学姐,https://sns-na-i11.xhscdn.com/spectrum/1040g0k0324upiitlj4005n4ia9nk5ifdrmmp2u8?imageView2/2/w/1440/format/webp&ap=5&sc=SRH_DTL&sign=81af29733c666ba61c8c7a8494f3551d&t=6aa740ce,,6aa2ec98000000002a005e95,YBNfoIwn-okIhxTKCmJWpBRyVosywKByUdKHZKfKpkO0U=,https://www.xiaohongshu.com/explore/6aa2ec98000000002a005e95?xsec_token=YBNfoIwn-okIhxTKCmJWpBRyVosywKByUdKHZKfKpkO0U=&xsec_source=app_note
2026-07-19,DELF B2口语,🇨🇵 你还在翻译吗？,🇫🇷 法国法语老师｜法语口语表达（B1–B2） 📌 想了解我提供的课程？请查看主页置顶笔记 👌 #法语 #学法,157,77,25,9,视频,Joy 法国,https://sns-na-i11.xhscdn.com/oss-sg/notes/1040g3l0322qb66ob7q505pscr92jjpn0pru0ba0?imageView2/2/w/1440/format/webp&ap=5&sc=SRH_DTL&sign=c20e9d7c60dbf1f8c44105398ab672aa&t=6aa740e3,,6a5cd5660000000002003c00,YBQwIDBG25qD4TtZYZ7juHtFt7Jx52gY6L0KQREOWT0qU=,https://www.xiaohongshu.com/explore/6a5cd5660000000002003c00?xsec_token=YBQwIDBG25qD4TtZYZ7juHtFt7Jx52gY6L0KQREOWT0qU=&xsec_source=app_note
2026-03-31,DELF B2口语,口语别只会 je pense que！B2高级表达15组,DELF B2口语考场真的别再反复说je pense que了！ 考官听遍了千篇一律的表达，想拿高分真的很难,111,120,0,10,图文,alrightt français,https://sns-na-i11.xhscdn.com/1040g2sg31ucghh482qe05od21uu8cmn8q5rv7k0?imageView2/2/w/1440/format/webp&ap=5&sc=SRH_DTL&sign=16280213a0b611ce83dfca864de5358e&t=6aa740e3,,69cb99b5000000001a0246a3,YBUXJc0chbTjWHnfhoLYiePTDe_80OU4tuMznMi2tnUlY=,https://www.xiaohongshu.com/explore/69cb99b5000000001a0246a3?xsec_token=YBUXJc0chbTjWHnfhoLYiePTDe_80OU4tuMznMi2tnUlY=&xsec_source=app_note
2026-03-21,DELF B2口语,202603DELF B2口语前方战报！,#法语 #delf备考 #delfb2口语 #delf考试 #delf真题 #法语DELF 今日真题复盘：分,85,80,8,21,图文,Ling距离法语,https://sns-na-i11.xhscdn.com/1040g00831tvo5iae78005nhc4tug8g96ga371uo?imageView2/2/w/1440/format/webp&ap=5&sc=SRH_DTL&sign=78ba2a3e85954eefd6e4904554606d41&t=6aa740e3,,69be8bdc000000001a036cbe,YB3cTwMzASLNcaeZPZ9YastBBLcf2fWj1H-n82ER0Cl7g=,https://www.xiaohongshu.com/explore/69be8bdc000000001a036cbe?xsec_token=YB3cTwMzASLNcaeZPZ9YastBBLcf2fWj1H-n82ER0Cl7g=&xsec_source=app_note
2026-07-23,DELF B2口语,法语B1→B2表达升级 :“有”不止 Il y a,真正的B2表达升级是：从“描述存在”升级到“分析现象”。当你讨论社会问题、科技发展、环境、教育等DELF主题时：不要只停,85,68,0,11,图文,雨果教法语,https://sns-na-i11.xhscdn.com/1040g2sg322vpkij1n0kg5n0oep2hnuhdp64smuo?imageView2/2/w/1440/format/webp&ap=5&sc=SRH_DTL&sign=dc8e48672cd2766cef44495b8457e5c4&t=6aa740e3,,6a626a0500000000110175af,YBw0YY3XfV0w1WnZx9iDO1mLzJsTcHP6vUpOGs7skp48A=,https://www.xiaohongshu.com/explore/6a626a0500000000110175af?xsec_token=YBw0YY3XfV0w1WnZx9iDO1mLzJsTcHP6vUpOGs7skp48A=&xsec_source=app_note
2026-05-10,DELF B2口语,🇫🇷 男女薪资差异主题｜B2/C1巨高频‼️,可以直接拿来复述用作口语表达的一期内容～ 无论是数据📊 词汇还是观点 都挺顶的 #法语 #学法语 #dalf,73,48,0,7,视频,非典型法语prof,https://sns-na-i11.xhscdn.com/1040g00831vuua2cf2a005nntlk5gbk68rfpmb5g?imageView2/2/w/1440/format/webp&ap=5&sc=SRH_DTL&sign=df8a38ed360a66440fb5395e58b0e7a3&t=6aa740e3,,69ffd7e6000000003601f005,YBYWdi6dPEm59OiKqRBQTyQ_tiOHEICghaWcfXsmwNoz4=,https://www.xiaohongshu.com/explore/69ffd7e6000000003601f005?xsec_token=YBYWdi6dPEm59OiKqRBQTyQ_tiOHEICghaWcfXsmwNoz4=&xsec_source=app_note
2026-04-10,DELF B2口语,DELFB2真题 口语逐字稿2 ：热门话题人工智能,[马上转运][马上转运][马上转运]Coucou，备考B2的小宝们好久不见！我的第二篇DELFB2真题口语逐字稿终于发出,54,48,2,11,图文,Florie攻略法语版~,https://sns-na-i11.xhscdn.com/notes_pre_post/1040g3k031uoruogj2q005nqhqbrg8n5lnlucpso?imageView2/2/w/1440/format/webp&ap=5&sc=SRH_DTL&sign=9b9f5ad7811103949acdbb58f56f24f6&t=6aa740e3,,69d83f50000000001a028ebf,YBAKw9iPf6hInllf-0aFfStnNDm4lET_Li8iookfhu3eE=,https://www.xiaohongshu.com/explore/69d83f50000000001a028ebf?xsec_token=YBAKw9iPf6hInllf-0aFfStnNDm4lET_Li8iookfhu3eE=&xsec_source=app_note
2026-06-22,DELF B2口语,6.27法语上午场笔试，且看且珍惜,🚀2026年delf考期 6月27日上午 DELF A1/A2/B1 笔试：6 月 27 日上午 报名开放：4 月,53,53,41,5,图文,恰学鸯鸯法语,https://sns-na-i11.xhscdn.com/1040g008321n5lqq7na505nbchl508drufmmhm58?imageView2/2/w/1440/format/webp&ap=5&sc=SRH_DTL&sign=0c99c1b78467af5c135617e1f9c277ea&t=6aa740e3,,6a38f3a30000000016025d90,YBgsTq0G0L22Yy1qqYjY8rCMjwEXttX-xQOGR2dc1GS8A=,https://www.xiaohongshu.com/explore/6a38f3a30000000016025d90?xsec_token=YBgsTq0G0L22Yy1qqYjY8rCMjwEXttX-xQOGR2dc1GS8A=&xsec_source=app_note
2026-03-23,DELF B2口语,工作主题真是年年考｜法语B2/C1口语,主题：工作中设置午休是好是坏？观点积累✅ #delfb2 #法语B2 #法语 #法语法语 #法语老师 #学法语,52,41,1,6,视频,非典型法语prof,https://sns-na-i11.xhscdn.com/1040g2sg31u1qc2j17ejg5nntlk5gbk68810f3vo?imageView2/2/w/1440/format/webp&ap=5&sc=SRH_DTL&sign=76bdcce94325c56d21236a5cdef12b4a&t=6aa740e3,,69c0a70b000000002102c5f6,YBNRPdx4buDSfq2w_BBKZU3Wua7FiN3RXfQG63M83r1g4=,https://www.xiaohongshu.com/explore/69c0a70b000000002102c5f6?xsec_token=YBNRPdx4buDSfq2w_BBKZU3Wua7FiN3RXfQG63M83r1g4=&xsec_source=app_note
2026-06-12,DELF B2口语,DELF B2口语怎么拿高分？她做了5件聪明事✨,B2口语模拟实录之结构化陈述｜结构、举例、应变，这位考生全做对了 这里有考生表现完整实录 + 老师点评 这位考生的结构,51,52,4,9,视频,乐法小云雀,https://sns-na-i11.xhscdn.com/spectrum/1040g34o321ac5sqcn0105numpvggbufmeh4dgqo?imageView2/2/w/1440/format/webp&ap=5&sc=SRH_DTL&sign=8313c1c8acaf8438775f4650617bd15e&t=6aa740e3,,6a2bb80f000000001603d92f,YBypN5jxckYI3Rbk83BfVX19KrGUbKuWt_b3FwyrMblF4=,https://www.xiaohongshu.com/explore/6a2bb80f000000001603d92f?xsec_token=YBypN5jxckYI3Rbk83BfVX19KrGUbKuWt_b3FwyrMblF4=&xsec_source=app_note
2026-08-23,DELF B2口语,🥇这是第1名！🥳🥸,🇫🇷 法国法语老师｜法语口语表达（B1–B2） 🎓 教育设计硕士｜FLE认证｜DAEFLE在读 🎯 找出并彻底解,47,36,0,5,视频,Joy 法国,https://sns-na-i11.xhscdn.com/oss-sg/notes/1040g3l032459ufn0i8505pscr92jjpn0bk8valg?imageView2/2/w/1440/format/webp&ap=5&sc=SRH_DTL&sign=26c96086c0237d20910e9dba0a1f3800&t=6aa740e3,,6a88d3d00000000010007568,YBEr9H2NINh5S2U0y3TvCmwASPw-jVFpV-I6cJeVJlu0o=,https://www.xiaohongshu.com/explore/6a88d3d00000000010007568?xsec_token=YBEr9H2NINh5S2U0y3TvCmwASPw-jVFpV-I6cJeVJlu0o=&xsec_source=app_note
2026-08-02,DELF B2口语,🇨🇵也别浪费你的钱,🇫🇷 法国法语老师｜法语口语表达（B1–B2） 📌 想了解我提供的课程？请查看主页置顶笔记 👌 #法语 #学法,47,14,6,0,视频,Joy 法国,https://sns-na-i11.xhscdn.com/oss-sg/notes/1040g3l03239skc06no405pscr92jjpn06b78cm0?imageView2/2/w/1440/format/webp&ap=5&sc=SRH_DTL&sign=e81003e2f163b685715325c0994f56fd&t=6aa740e3,,6a6cec740000000002003c01,YBfOW-tMOjgrhyYDTL25C_b02mlbA9MzWJAxE_kPC29Nk=,https://www.xiaohongshu.com/explore/6a6cec740000000002003c01?xsec_token=YBfOW-tMOjgrhyYDTL25C_b02mlbA9MzWJAxE_kPC29Nk=&xsec_source=app_note
2026-03-21,DELF B2口语,2026.3 delf b2口语,抽到两个题目是： 1. 买房仍然是年轻人的第一选择 2. 读小说能改变大脑 果断选了第一个题目，辩论的时候考官提出的问题,45,31,13,12,图文,Liana,https://sns-na-i11.xhscdn.com/notes_uhdr/1040g3qo31tvftgbo72s04bracr30v8liof5bm1g?imageView2/2/w/1440/format/webp&ap=5&sc=SRH_DTL&sign=dff444e0f2abe4181a5771ab410ca849&t=6aa740e3,,69be42fe000000001f002b52,YB3cTwMzASLNcaeZPZ9YastKyfazlD-1WBiLSrjsPnyaE=,https://www.xiaohongshu.com/explore/69be42fe000000001f002b52?xsec_token=YB3cTwMzASLNcaeZPZ9YastKyfazlD-1WBiLSrjsPnyaE=&xsec_source=app_note
2026-05-25,DELF B2口语,🇫🇷我在巴黎北索邦大学担任B2/C1口试考官,Sul Sul 👋 今天想更新一下上周我参与的巴黎北索邦大学 DELF/DALF 考试工作（关于这个考点和 DELF,44,12,7,5,图文,法语跑路机,https://sns-na-i11.xhscdn.com/note_pre_post_uhdr/1040g3r0320j94hae6c305ocqrftk1htohuv2uh8?imageView2/2/w/1440/format/webp&ap=5&sc=SRH_DTL&sign=8ce557b75bc60090ac95e2d26d679671&t=6aa740e3,,6a142892000000000f03ac00,YBruPooqzIJpj24o4qkEX3ryJG0pS2dwkg-WEETKcIguA=,https://www.xiaohongshu.com/explore/6a142892000000000f03ac00?xsec_token=YBruPooqzIJpj24o4qkEX3ryJG0pS2dwkg-WEETKcIguA=&xsec_source=app_note
2026-06-08,DELF B2口语,法语DELF 考试B2口语monologue suivi的经典框架#法语 #DE,法语DELF 考试B2口语monologue suivi的经典框架#法语 #DELF B2 口语,43,25,0,5,视频,咕咕玛丽,https://sns-na-i11.xhscdn.com/spectrum/1040g34o3215enn75740g5nvk7bh09ca5kt8o1t0?imageView2/2/w/1440/format/webp&ap=5&sc=SRH_DTL&sign=0c9f185cc16dde905b13158e62702105&t=6aa740e3,,6a26ac550000000006035e03,YBGdiHYXfisOQ6BpU9tWp8UpCkSI4fzwWSIAv5PXfIE4s=,https://www.xiaohongshu.com/explore/6a26ac550000000006035e03?xsec_token=YBGdiHYXfisOQ6BpU9tWp8UpCkSI4fzwWSIAv5PXfIE4s=&xsec_source=app_note
2026-07-26,DELF B2口语,🇫🇷 测测你的问题,🇫🇷 法国法语老师｜法语口语表达（B1–B2） 📌 想了解我提供的课程？请查看主页置顶笔记 👌 #法语 #学法,42,16,0,1,视频,Joy 法国,https://sns-na-i11.xhscdn.com/oss-sg/notes/1040g3l03232fhb7j7s505pscr92jjpn0kkvsdi0?imageView2/2/w/1440/format/webp&ap=5&sc=SRH_DTL&sign=00f222515f3b9edd2354ba03afe7a22a&t=6aa740e3,,6a65470d0000000008009c00,YBOkcVTcI7-KMzd52DWsaQsSVKWG3dIhRMwa4dESma1PQ=,https://www.xiaohongshu.com/explore/6a65470d0000000008009c00?xsec_token=YBOkcVTcI7-KMzd52DWsaQsSVKWG3dIhRMwa4dESma1PQ=&xsec_source=app_note
2026-08-28,DELF B2口语,🇲🇫 法国人不会告诉你的事,🇫🇷 法国法语老师｜法语口语表达（B1–B2） 🎓 教育设计硕士｜FLE认证｜DAEFLE在读 🎯 找出并彻底解,38,25,4,2,视频,Joy 法国,https://sns-na-i11.xhscdn.com/oss-sg/notes/1040g3l0324e18j2vi86g5pscr92jjpn0km2lv2g?imageView2/2/w/1440/format/webp&ap=5&sc=SRH_DTL&sign=1fc39831a41ba60704798cb160666903&t=6aa740f7,,6a91c43300000000110227df,YBXXJmXFyfni0jagbeHEGFh-5SsHLv7IwkgIbFvhacBu8=,https://www.xiaohongshu.com/explore/6a91c43300000000110227df?xsec_token=YBXXJmXFyfni0jagbeHEGFh-5SsHLv7IwkgIbFvhacBu8=&xsec_source=app_note
2026-03-21,DELF B2口语,终于考完啦！,给明天的同学参考一下～ 抽到两个题一个是年轻人买房génération propriétaire，一个是玩手机？（这个没,37,19,16,10,图文,巴啦啦吧啦,https://sns-na-i11.xhscdn.com/1040g2sg31tvh59q1n8eg5oft095k0vk3sna5ln8?imageView2/2/w/1440/format/webp&ap=5&sc=SRH_DTL&sign=b4b4f1100f54e305310f206e3722cbba&t=6aa740f7,,69be4ed10000000023007e80,YBTa_WSeJqNXaViNDSMmRPlWKWpe6CehyF65E7QgVEO_U=,https://www.xiaohongshu.com/explore/69be4ed10000000023007e80?xsec_token=YBTa_WSeJqNXaViNDSMmRPlWKWpe6CehyF65E7QgVEO_U=&xsec_source=app_note
2026-03-22,DELF B2口语,记录一下做B2考官的心情,记录一下这个时刻 2018年 作为考生参加考试 站在武汉大学某个教学楼的走廊里 紧张的深呼吸 2025年 作为考官参加考,35,3,11,1,图文,Chalut Chalut法语分享,https://sns-na-i11.xhscdn.com/notes_pre_post/1040g3k031u0q2c1l72005pvt3k0j9d9qlgi2g8g?imageView2/2/w/1440/format/webp&ap=5&sc=SRH_DTL&sign=3474a5be3e948d97b0153a6c66b7dda8&t=6aa740f7,,69bf9d0f000000001e00d226,YBDKDukStZikL3Wz7hCTE8HEn5RPncHPwRg6H1lPUpfKw=,https://www.xiaohongshu.com/explore/69bf9d0f000000001e00d226?xsec_token=YBDKDukStZikL3Wz7hCTE8HEn5RPncHPwRg6H1lPUpfKw=&xsec_source=app_note
2026-06-26,DELF B2口语,B1B2口语考试时听不懂考官问题时说什么,大家要用的话就一定要记熟 1. Pour demander de répéter ou de reformuler,32,23,0,9,图文,巴黎法语,https://sns-na-i11.xhscdn.com/notes_pre_post/1040g3k0321se6im1ms105ocjkqb414dnomro7io?imageView2/2/w/1440/format/webp&ap=5&sc=SRH_DTL&sign=432b5d8e12a8b9f196b51b866e8be89d&t=6aa740f7,,6a3e3bb40000000011007c3d,YBsB5s9pUuez0ZgtuPjRsRpey8zWwPPmz6VxOz1ztvJG4=,https://www.xiaohongshu.com/explore/6a3e3bb40000000011007c3d?xsec_token=YBsB5s9pUuez0ZgtuPjRsRpey8zWwPPmz6VxOz1ztvJG4=&xsec_source=app_note
2026-08-22,DELF B2口语,法语B1→B2升级：“认为”不止 je pense,在法语B2口语和写作中，需要避免重复使用Je pense que来表达“我认为”，要学会根据语境选择不同的表达方式，以提,34,31,1,4,图文,雨果教法语,https://sns-na-i11.xhscdn.com/1040g2sg324513b9lgsdg5n0oep2hnuhdljl9n7g?imageView2/2/w/1440/format/webp&ap=5&sc=SRH_DTL&sign=ae6be0944facc5ccbe3afc3609ee74f9&t=6aa740f7,,6a888b0500000000290243c8,YBXIUVEKm1t8XIS1b21ZFhNPdfHUg5VglNFKmimNv_OaM=,https://www.xiaohongshu.com/explore/6a888b0500000000290243c8?xsec_token=YBXIUVEKm1t8XIS1b21ZFhNPdfHUg5VglNFKmimNv_OaM=&xsec_source=app_note
2026-06-07,DELF B2口语,DELF B2口语写作提分最快的4类语法/句型,DELF B2考查的并不仅仅是你能否使用特别高级的词汇，而是你能否运用多样化的语言结构来表达自己的观点。如果整篇文章都在,31,47,1,7,图文,雨果教法语,https://sns-na-i11.xhscdn.com/1040g2sg3213rgo5n74dg5n0oep2hnuhdhj8h8a0?imageView2/2/w/1440/format/webp&ap=5&sc=SRH_DTL&sign=4793bf97f3a815b702435d9cfdd2ef53&t=6aa740f7,,6a250962000000002202f24d,YBmDaAYCmrSicFmaYGUouPHSBYJutTsftJGeKcS8Kr32w=,https://www.xiaohongshu.com/explore/6a250962000000002202f24d?xsec_token=YBmDaAYCmrSicFmaYGUouPHSBYJutTsftJGeKcS8Kr32w=&xsec_source=app_note
2026-03-21,DELF B2口语,血书求今天DELF B2口语考试内容！！！,明天下午北语场[哭惹R][哭惹R][哭惹R]想提前排除一些 太多看不完了，拜托拜托[泪崩R][泪崩R][泪崩R] #法语,28,27,41,4,图文,Aquarter,https://sns-na-i11.xhscdn.com/1040g2sg31tvjhg5e6ue05o50i7608gp7tk1fm6o?imageView2/2/w/1440/format/webp&ap=5&sc=SRH_DTL&sign=c87eb7d7dde635b8199eb4fac4952d92&t=6aa740f7,,69be61710000000020038f61,YBTa_WSeJqNXaViNDSMmRPlRuvPNhLUpuL-V1icgBMgW4=,https://www.xiaohongshu.com/explore/69be61710000000020038f61?xsec_token=YBTa_WSeJqNXaViNDSMmRPlRuvPNhLUpuL-V1icgBMgW4=&xsec_source=app_note
2026-08-01,DELF B2口语,DELFB2备考经验（三）口语,四、口语 这是我，可能也是大家最害怕的部分。 口语分成两块，exposé和débat，由于débat的出现，我一度把de,25,14,0,1,图文,dd,https://sns-na-i11.xhscdn.com/notes_pre_post/1040g3k8323ahb2r0nu6g5ogjfm740sncsqjmov8?imageView2/2/w/1440/format/webp&ap=5&sc=SRH_DTL&sign=98c7254efbabad5a2e232099baababac&t=6aa740f7,,6a6d8ca700000000220306b5,YBhhkKhQMQIdkzkuiJEAeWi3fiGFpy6tWielBQxNyiKKg=,https://www.xiaohongshu.com/explore/6a6d8ca700000000220306b5?xsec_token=YBhhkKhQMQIdkzkuiJEAeWi3fiGFpy6tWielBQxNyiKKg=&xsec_source=app_note
2026-06-10,DELF B2口语,DELFB2🔨让我👀谁还没有好好练习辩论,同话题的exposé在上一条笔记 考前一定要多练自己的即兴表达 除了考试之外，受益终身⛽️ #delfb2 #辩论,23,25,0,4,图文,Margot小马老师📑,https://sns-na-i11.xhscdn.com/spectrum/1040g0k032185o139n20041e0ln1867c15u8dd0g?imageView2/2/w/1440/format/webp&ap=5&sc=SRH_DTL&sign=25e3edfadbf7166166794411644a678a&t=6aa740f7,,6a297587000000002202c51b,YBZtA0DsaKUZX3-RkN2_m9Lbxih5vJB9iu3wITQWCvjwU=,https://www.xiaohongshu.com/explore/6a297587000000002202c51b?xsec_token=YBZtA0DsaKUZX3-RkN2_m9Lbxih5vJB9iu3wITQWCvjwU=&xsec_source=app_note
2026-08-09,DELF B2口语,🇨🇵跟读不是谁都适合🚩❌️,🇫🇷 法国法语老师｜法语口语表达（B1–B2） 📌 想了解我提供的课程？请查看主页置顶笔记 👌 #法语 #学法,23,14,0,1,视频,Joy 法国,https://sns-na-i11.xhscdn.com/oss-sg/notes/1040g3l0323ivj6a52e1g5pscr92jjpn040geo90?imageView2/2/w/1440/format/webp&ap=5&sc=SRH_DTL&sign=3a4a79276c16e758f58a2f4a0c72eff4&t=6aa740f7,,6a76646300000000120101ee,YBv-kZ92VrPLN2SJcVcpqKyjAeNfZlu9O2NBJkg-l103U=,https://www.xiaohongshu.com/explore/6a76646300000000120101ee?xsec_token=YBv-kZ92VrPLN2SJcVcpqKyjAeNfZlu9O2NBJkg-l103U=&xsec_source=app_note
2026-04-03,DELF B2口语,一个万能例子，搞定DELF B2口语5个主题,很多同学背了一堆论点 考试时混在一起说不清楚😵 其实你只需要一个扎实的例子 换着角度讲，就能用在5个不同主题,22,20,0,2,图文,alrightt français,https://sns-na-i11.xhscdn.com/1040g00831ugp3b9l2g005od21uu8cmn8ogv7r9o?imageView2/2/w/1440/format/webp&ap=5&sc=SRH_DTL&sign=32db96ded2eb547ee05d9ab2246689b7&t=6aa740f7,,69cffa91000000001a026a60,YB1Nderx2w3qQL0FfqNQYDyQtAKuPzOqbJM1bJUWiBfcA=,https://www.xiaohongshu.com/explore/69cffa91000000001a026a60?xsec_token=YB1Nderx2w3qQL0FfqNQYDyQtAKuPzOqbJM1bJUWiBfcA=&xsec_source=app_note
2026-06-11,DELF B2口语,DELF B2考前的最后倔强之口语模版分析,嘿嘿，我来更新咯！希望考前最后两天，你们要加油哦！让我们一起来做一下考前的最后挣扎吧[笑哭R] #DELF #DELF,21,22,0,1,图文,教法语的吕老师,https://sns-na-i11.xhscdn.com/notes_pre_post/1040g3k832198nhoh7e00400ad81on3b80mos88o?imageView2/2/w/1440/format/webp&ap=5&sc=SRH_DTL&sign=4154becb0ce31451f224727be6908f76&t=6aa740f7,,6a2a96d1000000000803ddde,YBPtQTIEmnNrX3SN1ToQrYsYR2NidjwJriEOXvybBOmvA=,https://www.xiaohongshu.com/explore/6a2a96d1000000000803ddde?xsec_token=YBPtQTIEmnNrX3SN1ToQrYsYR2NidjwJriEOXvybBOmvA=&xsec_source=app_note
2026-03-21,DELF B2口语,DelfB2 3.21口语考试经验分享｜附考官提问,刚收到学生DelfB2口语考试的反馈，真的太有参考价值了！！而且抽到的是——「le selfie 自拍」这个高频话题,22,23,5,11,图文,kekefayu,https://sns-na-i11.xhscdn.com/1040g00831tvj3na6mu5g5p3hoobnoqiih50fdm8?imageView2/2/w/1440/format/webp&ap=5&sc=SRH_DTL&sign=c9830652233b1c2bcf942b799a02a465&t=6aa740f7,,69be66aa000000001f00228c,YBTa_WSeJqNXaViNDSMmRPlVSlvxR1OV14qrqgpRSkRhY=,https://www.xiaohongshu.com/explore/69be66aa000000001f00228c?xsec_token=YBTa_WSeJqNXaViNDSMmRPlVSlvxR1OV14qrqgpRSkRhY=&xsec_source=app_note
2026-07-25,DELF B2口语,法语B1→B2表达升级：“非常”不止très,在DELF B2考试中，灵活使用“非常”类副词，能提升表达自然度和地道感。掌握这些高级副词，能更好地参与正式法语交流，还,21,16,0,1,图文,雨果教法语,https://sns-na-i11.xhscdn.com/1040g2sg3232aoe8e74kg5n0oep2hnuhdfk1l7s0?imageView2/2/w/1440/format/webp&ap=5&sc=SRH_DTL&sign=c0403f6dfa1b25673a52d216c3f07c30&t=6aa740f7,,6a6503200000000011007ba1,YBodRzYZE9nBJckNNhDJaBgdFWIb2DSZcTjpQ-KynVB8Y=,https://www.xiaohongshu.com/explore/6a6503200000000011007ba1?xsec_token=YBodRzYZE9nBJckNNhDJaBgdFWIb2DSZcTjpQ-KynVB8Y=&xsec_source=app_note
2026-07-16,DELF B2口语,DELF B2口语问答示范回答：远程办公,考官问题： Pensez-vous que le télétravail présente plus d’avantag,19,11,1,3,图文,雨果教法语,https://sns-na-i11.xhscdn.com/1040g2sg322ls5ka36s305n0oep2hnuhdn1f7aa8?imageView2/2/w/1440/format/webp&ap=5&sc=SRH_DTL&sign=559233bfb1ee77ea67554c7cec620d00&t=6aa740f7,,6a584f37000000000f032844,YB-E7qQJHMBysqjnQSkYj4PRSCk-AUI_CsBN_QBQsdfTc=,https://www.xiaohongshu.com/explore/6a584f37000000000f032844?xsec_token=YB-E7qQJHMBysqjnQSkYj4PRSCk-AUI_CsBN_QBQsdfTc=&xsec_source=app_note
2026-08-02,DELF B2口语,法语从B1提升到B2，必须积累的4类高级表达,#法语 #法语口语 #二外法语 #法语单词 #小语种 #法语表达 #法语写作 #delf #法语考试,18,23,0,7,图文,雨果教法语,https://sns-na-i11.xhscdn.com/1040g2sg323c92r5k726g5n0oep2hnuhd6ejdlp8?imageView2/2/w/1440/format/webp&ap=5&sc=SRH_DTL&sign=ee3fbeb2033a3f0260f98ed98bfdd569&t=6aa740f7,,6a6f32460000000027021719,YBFvSCC2WS7Ol0jwPD83BZmrwHflDYRRC8dBd4cadtMz0=,https://www.xiaohongshu.com/explore/6a6f32460000000027021719?xsec_token=YBFvSCC2WS7Ol0jwPD83BZmrwHflDYRRC8dBd4cadtMz0=&xsec_source=app_note
2026-07-25,DELF B2口语,🇨🇵 不是词汇量的问题 ❌️,🇫🇷 法国法语老师｜法语口语表达（B1–B2） 📌 想了解我提供的课程？请查看主页置顶笔记 👌 #法语 #学法,18,14,0,1,视频,Joy 法国,https://sns-na-i11.xhscdn.com/oss-sg/notes/1040g3l03230oi8ggnq4g5pscr92jjpn0slg3veg?imageView2/2/w/1440/format/webp&ap=5&sc=SRH_DTL&sign=70ceee43cee25499d821ee4c24f905ea&t=6aa740ff,,6a639412000000000c033c00,YBjKK2blNOtvIuY353YpfRAq0UbHT89Mjydx6ZNNequOE=,https://www.xiaohongshu.com/explore/6a639412000000000c033c00?xsec_token=YBjKK2blNOtvIuY353YpfRAq0UbHT89Mjydx6ZNNequOE=&xsec_source=app_note
2026-04-22,DELF B2口语,DELF B2口语（Voyage）,主题词汇 Etre livré(e) à soi-meme（只靠自己/独立自主） Considérer sa vie s,18,12,3,2,图文,一颗菠萝（见过五月天十二次黄子两次版）,https://sns-na-i11.xhscdn.com/notes_pre_post/1040g3k031v8ptvu32q005otlb809t23nujmfveg?imageView2/2/w/1440/format/webp&ap=5&sc=SRH_DTL&sign=006a72a5b508fa885c15d9e01f256e3f&t=6aa740ff,,69e892050000000022003b64,YBgq5B025yBwdZAA13mqaTOLjffY9IdJfX7KqH-HMdgrs=,https://www.xiaohongshu.com/explore/69e892050000000022003b64?xsec_token=YBgq5B025yBwdZAA13mqaTOLjffY9IdJfX7KqH-HMdgrs=&xsec_source=app_note
2026-07-22,DELF B2口语,法语B1→b2:科技类话题学会说enjeu éthique,从B1到B2的提升， 不是把句子写得更长， 而是学会用更加精准的抽象概念分析一个社会现象。 Un enjeu éthiq,17,18,1,3,图文,雨果教法语,https://sns-na-i11.xhscdn.com/1040g2sg322t58kahn0k05n0oep2hnuhdl59mn08?imageView2/2/w/1440/format/webp&ap=5&sc=SRH_DTL&sign=ad2842a611943f2196b1b0654f724f66&t=6aa740ff,,6a5fb7330000000011019564,YB443uzb5SmzpZsE6ol7Yxugueuqtl0Od5KaJND11tpPI=,https://www.xiaohongshu.com/explore/6a5fb7330000000011019564?xsec_token=YB443uzb5SmzpZsE6ol7Yxugueuqtl0Od5KaJND11tpPI=&xsec_source=app_note
2026-07-20,DELF B2口语,DELF B2口语示范回答：青少年与社交媒体,考官问题： Pensez-vous qu’il faut encourager les adolescents à ut,17,7,1,1,图文,雨果教法语,https://sns-na-i11.xhscdn.com/1040g008322qhqaj6726g5n0oep2hnuhd37grajg?imageView2/2/w/1440/format/webp&ap=5&sc=SRH_DTL&sign=bef1f2ee0fde39c21fca26d26656a1dc&t=6aa740ff,,6a5d0c93000000000f0060ad,YBT2JnFxCNmd_22FSK9TeLvVxCY8dOB-WaMEJAeOZVPUQ=,https://www.xiaohongshu.com/explore/6a5d0c93000000000f0060ad?xsec_token=YBT2JnFxCNmd_22FSK9TeLvVxCY8dOB-WaMEJAeOZVPUQ=&xsec_source=app_note
2026-03-20,DELF B2口语,DELFB2考前暴风模拟中🧠来练习下辩论吧,Salut mes amis! 👋 最近带 DELF B2 备考的学员刷完了口语全真模拟，把最精华的「真题拆解 + 高,17,16,0,1,图文,Margot小马老师📑,https://sns-na-i11.xhscdn.com/spectrum/1040g0k031tu6cuumh80041e0ln1867c13agbj8g?imageView2/2/w/1440/format/webp&ap=5&sc=SRH_DTL&sign=e3255ee336a59a20f97dd42e84d60daf&t=6aa740ff,,69bcf002000000001a0367b8,YBpiMDcH0XQqDwCGs8t1DEPZSis1CkbbwUthGo5s_Dgu0=,https://www.xiaohongshu.com/explore/69bcf002000000001a0367b8?xsec_token=YBpiMDcH0XQqDwCGs8t1DEPZSis1CkbbwUthGo5s_Dgu0=&xsec_source=app_note
2026-04-16,DELF B2口语,法语进度为0的，就这56页纸，7天背完保底B2,法语人刷到赶紧存下来吧，很难找齐的 就这56页纸背完你的法语就杠杠滴 #法语 #法语法语 #法语入门 #二外法语,16,14,11,1,图文,Stephen,https://sns-na-i11.xhscdn.com/1040g00831v0tpnp4ig605qdftprsltn2jnl0dto?imageView2/2/w/1440/format/webp&ap=5&sc=SRH_DTL&sign=e35dd45e373c2201818792013e21cef0&t=6aa740ff,,69e08305000000002003935d,YB00IsX9relemJYvAJKoMD4TLHw1i2rjbirYx__8rveXQ=,https://www.xiaohongshu.com/explore/69e08305000000002003935d?xsec_token=YB00IsX9relemJYvAJKoMD4TLHw1i2rjbirYx__8rveXQ=&xsec_source=app_note
2026-04-14,DELF B2口语,DELF B2口语题真题主题清单｜手写版,这个好像没发过，发一下 - #法语 #delfb,16,8,5,3,图文,大小姐要学习,https://sns-na-i11.xhscdn.com/1040g2sg31uulk29e3qe04a3b83q9ddo3srifju8?imageView2/2/w/1440/format/webp&ap=5&sc=SRH_DTL&sign=b66a565cf0365b36ad721cb7adffcc00&t=6aa740ff,,69de30ae000000002301dc6e,YBqS2Edk5u7FluWXCM4llrfqt8zeqCGdNMgokpmzXxp4o=,https://www.xiaohongshu.com/explore/69de30ae000000002301dc6e?xsec_token=YBqS2Edk5u7FluWXCM4llrfqt8zeqCGdNMgokpmzXxp4o=&xsec_source=app_note
2026-07-14,DELF B2口语,🇨🇵 学得多≠学得好,🇫🇷 法国法语老师｜法语口语表达（B1–B2） 📌 想了解我提供的课程？请查看主页置顶笔记 👌 #法语 #学法,15,5,2,1,视频,Joy 法国,https://sns-na-i11.xhscdn.com/oss-sg/notes/1040g3l0322h61isu7k4g5pscr92jjpn0rsgqb60?imageView2/2/w/1440/format/webp&ap=5&sc=SRH_DTL&sign=4e45706fb915975ec6fa8aa74e5a2551&t=6aa740ff,,6a538264000000000c033c00,YBOLcv6DmucDvPUVCxupPhYcBI0ePO9XJ1FxK13m-BEBA=,https://www.xiaohongshu.com/explore/6a538264000000000c033c00?xsec_token=YBOLcv6DmucDvPUVCxupPhYcBI0ePO9XJ1FxK13m-BEBA=&xsec_source=app_note
2026-04-21,DELF B2口语,delf b2 满意离,虽然成绩不是很高 但是还是比我估分高了一些 当时考口语的时候跟考官聊的氛围特别好 当时觉得应该能过 两天之后突然意识到我,15,2,2,0,图文,1.1.1.1.1,https://sns-na-i11.xhscdn.com/1040g00831v7qsotmhu104a5rjl7sdp39fuucni0?imageView2/2/w/1440/format/webp&ap=5&sc=SRH_DTL&sign=ed026271e2f97b424fa2651f8faed78f&t=6aa740ff,,69e79443000000001b002f29,YBAQj5e_WQZu6xbm37JFiUFCw7m2yvjzVbsDDorN2S750=,https://www.xiaohongshu.com/explore/69e79443000000001b002f29?xsec_token=YBAQj5e_WQZu6xbm37JFiUFCw7m2yvjzVbsDDorN2S750=&xsec_source=app_note
2026-04-22,DELF B2口语,一年内通过DELF B2,不好意思😬 标题党了一下，其实是一年半通过的B2，因为在正式备考之前，坚持刷了半年的多邻国，这一步其实对考试没有帮助,15,8,10,2,图文,Bo仔,https://sns-na-i11.xhscdn.com/notes_pre_post/1040g3k031v8qq38g2a005o29j10086juaj41v48?imageView2/2/w/1440/format/webp&ap=5&sc=SRH_DTL&sign=0e368cb9a093a6f3538609d859731aa1&t=6aa740ff,,69e8a234000000001a03615c,YBgq5B025yBwdZAA13mqaTOBANSxjbmZvBTwwZgM1NvxU=,https://www.xiaohongshu.com/explore/69e8a234000000001a03615c?xsec_token=YBgq5B025yBwdZAA13mqaTOBANSxjbmZvBTwwZgM1NvxU=&xsec_source=app_note
2026-04-20,DELF B2口语,擦线通过delfB2,"除了口语跟预想的结果差不多[笑哭R] 备考其实只准备了口语和写作，听力就偶尔听听播客磨耳朵，阅读基本没碰,但没想到阅读是",14,3,13,3,图文,噜啦啦噜啦,https://sns-na-i11.xhscdn.com/notes_pre_post/1040g3k031v60ghv2is005pi2tha1ok92ronlce0?imageView2/2/w/1440/format/webp&ap=5&sc=SRH_DTL&sign=f1126da8f8ba630fe94cefe6f215f852&t=6aa740ff,,69e5b55f000000001d0180e3,YBuOxE8QrOW6__UHKsdpw4Xy0UPQpP_m86Jf8y_5tfb88=,https://www.xiaohongshu.com/explore/69e5b55f000000001d0180e3?xsec_token=YBuOxE8QrOW6__UHKsdpw4Xy0UPQpP_m86Jf8y_5tfb88=&xsec_source=app_note
2026-04-20,DELF B2口语,学习法语一年半拿下delf b2,虽然基本没碰到原题，口语碰到一组双外国老师被压分[哭惹R]但是居然还是过了[哇R]#法语 #delfb,14,0,12,1,图文,pomme de terre,https://sns-na-i11.xhscdn.com/notes_pre_post/1040g3k831v5t4aagia705pl8onp7e91l4lo3fug?imageView2/2/w/1440/format/webp&ap=5&sc=SRH_DTL&sign=18da6c4a7e98364d9d06f5e27f9763ca&t=6aa740ff,,69e59914000000001a0358ed,YBuOxE8QrOW6__UHKsdpw4X5Ib22LGt5AySFDkwPMPYwA=,https://www.xiaohongshu.com/explore/69e59914000000001a0358ed?xsec_token=YBuOxE8QrOW6__UHKsdpw4X5Ib22LGt5AySFDkwPMPYwA=&xsec_source=app_note
2026-08-29,DELF B2口语,🇫🇷 我有个办法！,🇫🇷 法国法语老师｜法语口语表达（B1–B2） 🎓 教育设计硕士｜FLE认证｜DAEFLE在读 🎯 找出并彻底解,14,11,10,1,视频,Joy 法国,https://sns-na-i11.xhscdn.com/oss-sg/notes/1040g3l0324e7eqp2jk305pscr92jjpn0b3f5lmg?imageView2/2/w/1440/format/webp&ap=5&sc=SRH_DTL&sign=39bedf9688aad895b62f0eb082452c6b&t=6aa740ff,,6a91fce50000000012013c33,YBZ0lYr7fMnaU86vJF-MyrWY3_-3JeSE0mzWiCEzXQ0yQ=,https://www.xiaohongshu.com/explore/6a91fce50000000012013c33?xsec_token=YBZ0lYr7fMnaU86vJF-MyrWY3_-3JeSE0mzWiCEzXQ0yQ=&xsec_source=app_note
2026-08-16,DELF B2口语,🇫🇷 练了几个月却没用？ 🤷🏻‍♀,🇫🇷 法国法语老师｜法语口语表达（B1–B2） 📌 想了解我提供的课程？请查看主页置顶笔记 👌 #法语 #学法,14,3,0,0,视频,Joy 法国,https://sns-na-i11.xhscdn.com/oss-sg/notes/1040g3l0323ua7el9ic6g5pscr92jjpn0sb6j980?imageView2/2/w/1440/format/webp&ap=5&sc=SRH_DTL&sign=9086cc59461f8a1d2470b779b55b33e6&t=6aa740ff,,6a81aa4a0000000012010b89,YBaFuMa1S3QqSVPg1nuJNcZHfZhK59e-TThILGAe7zoqc=,https://www.xiaohongshu.com/explore/6a81aa4a0000000012010b89?xsec_token=YBaFuMa1S3QqSVPg1nuJNcZHfZhK59e-TThILGAe7zoqc=&xsec_source=app_note
2026-08-22,DELF B2口语,🏆 这是第4名！,🇫🇷 法国法语老师｜法语口语表达（B1–B2） 🎓 教育设计硕士｜FLE认证｜DAEFLE在读 🎯 找出并彻底解,13,6,0,1,视频,Joy 法国,https://sns-na-i11.xhscdn.com/oss-sg/notes/1040g3l0324588fii28105pscr92jjpn0m0n0070?imageView2/2/w/1440/format/webp&ap=5&sc=SRH_DTL&sign=a9671ca896706c81f32c902a4ada54a7&t=6aa740ff,,6a88cb4b00000000100074d0,YBelUSU_PSaYiIfcnVkXuR-L2sTQxSRBizBvr1LljEEeg=,https://www.xiaohongshu.com/explore/6a88cb4b00000000100074d0?xsec_token=YBelUSU_PSaYiIfcnVkXuR-L2sTQxSRBizBvr1LljEEeg=&xsec_source=app_note
2026-03-29,DELF B2口语,最近最开心的事：学生DELF B2写作口语满分,最近看到成绩的时候真的挺开心的[喝奶茶R] 我们带的一个学员刚出分，她主要上了我们的写作和口语课 ，最终DELF B2总,12,3,0,2,图文,Alright&Français,https://sns-na-i11.xhscdn.com/1040g00831ua7j10o2g005ofjnedk0ruphv1m9d0?imageView2/2/w/1440/format/webp&ap=5&sc=SRH_DTL&sign=9d5336fed2cefe47deaf141e129ce4cc&t=6aa740ff,,69c9455a000000001a03031b,YB3FKqKCLy-XK_LX0sp6wPNUDHgHRFC1mJi-lpJjF1JLg=,https://www.xiaohongshu.com/explore/69c9455a000000001a03031b?xsec_token=YB3FKqKCLy-XK_LX0sp6wPNUDHgHRFC1mJi-lpJjF1JLg=&xsec_source=app_note
2026-09-11,DELF B2口语,法语DELF B2备考｜🎧第七天：一直听到厌倦,倒计时64天: 1️⃣把前几天阅读里的生词的笔记补完了。deepseek真的很好用，我现在除了动词变位用法语助手app,12,7,0,0,图文,itwillpass,https://sns-na-i11.xhscdn.com/1040g2sg324vpgfga30005pj960ehoqe3hke8tn8?imageView2/2/w/1440/format/webp&ap=5&sc=SRH_DTL&sign=e2d404c9606ec01f431dba53924a5877&t=6aa740ff,,6aa3f887000000002803448e,YB7FkZGsT9v5pxu829Kg2Fd63wtXXYdPTRu-KwM-OvGBs=,https://www.xiaohongshu.com/explore/6aa3f887000000002803448e?xsec_token=YB7FkZGsT9v5pxu829Kg2Fd63wtXXYdPTRu-KwM-OvGBs=&xsec_source=app_note
2026-08-06,DELF B2口语,法语口语天花板✨12 套万能理由闭眼背,考法语口语的时候谁懂啊😭 抽到话题，脑子里想法一堆，嘴巴却憋不出几句完整法语。 经常说着说着就词穷，想不到合适的理由展,12,11,4,0,图文,椰子比椰,https://sns-na-i11.xhscdn.com/notes_pre_post/1040g3k0323hac2jk0a6g5ptavnsjltqejln4etg?imageView2/2/w/1440/format/webp&ap=5&sc=SRH_DTL&sign=40d86f980dfe8aee6c17381520f6fe42&t=6aa740ff,,6a745ba1000000003303121d,YBuO2SwTFXFloGdJZfz8smn8XxRsLNe2RtqK3N_NMwF0g=,https://www.xiaohongshu.com/explore/6a745ba1000000003303121d?xsec_token=YBuO2SwTFXFloGdJZfz8smn8XxRsLNe2RtqK3N_NMwF0g=&xsec_source=app_note
2026-05-20,DELF B2口语,DELF B2独家口语话题拆解: 大学的使命,今天带来一个很有意思的话题~ 图4⃣️给大家提供一个思维图抛砖引玉供参考 在这个口语练习中可以用到的连接词有: ☝️话题,11,9,0,4,图文,咕噜法语课堂,https://sns-na-i11.xhscdn.com/notes_pre_post/1040g3k8320cr4peulm705n34n7dkd0ss7um90c0?imageView2/2/w/1440/format/webp&ap=5&sc=SRH_DTL&sign=6cf1fe1376c161107daceda804ec494d&t=6aa740ff,,6a0d78930000000037034ea8,YBHEvqsrrq6WXjUlO69NNUVF4GEELWchKemg-8MyLbSd8=,https://www.xiaohongshu.com/explore/6a0d78930000000037034ea8?xsec_token=YBHEvqsrrq6WXjUlO69NNUVF4GEELWchKemg-8MyLbSd8=&xsec_source=app_note
2026-07-29,DELF B2口语,法语B1→B2表达升级：“好”不要只会说 bon,今天给大家分享四种可以替换bon的B2高级表达～#法语 #法语口语 #二外法语 #小语种 #法语单词 #法语考,11,10,0,2,图文,雨果教法语,https://sns-na-i11.xhscdn.com/1040g0083237d8kq2726g5n0oep2hnuhdl446puo?imageView2/2/w/1440/format/webp&ap=5&sc=SRH_DTL&sign=0f7f247a210a71f8be693d4852bd76e2&t=6aa740ff,,6a6a364a0000000011012a13,YBx5_kvLam6_RcoJnxbG5_mnNNTN11IV-39UJZn5FzJ8A=,https://www.xiaohongshu.com/explore/6a6a364a0000000011012a13?xsec_token=YBx5_kvLam6_RcoJnxbG5_mnNNTN11IV-39UJZn5FzJ8A=&xsec_source=app_note
2026-07-01,法语B2备考,#自学 #小语种 #法语 #建议,#自学 #小语种 #法语 #建议,2181,2568,73,92,图文,kkk-Marina,https://sns-na-i11.xhscdn.com/1040g0083222fahvi7e5g5pov9bqnc83q8f29880?imageView2/2/w/1440/format/webp&ap=5&sc=SRH_DTL&sign=f6f6b7d1b0176dae19f6de1beb595003&t=6aa7410f,,6a44633c000000001c027c61,YBLYU0-mP8BEEYap0qJainFcFZ2ctwo2kFvNWNXwNryOI=,https://www.xiaohongshu.com/explore/6a44633c000000001c027c61?xsec_token=YBLYU0-mP8BEEYap0qJainFcFZ2ctwo2kFvNWNXwNryOI=&xsec_source=app_note
2026-08-01,法语B2备考,半年 0基础考出TCF B2（上）,说在开头 本篇适用于想半年快速拿到tcf B2考试成绩的人群 不适用于想能短期实际生活应用程度达到B2的人群 ▪️本人背,574,687,20,84,图文,ecchoo,https://sns-na-i11.xhscdn.com/notes_pre_post/1040g3k8323adtn95n2b04a6q870l9p663gqilcg?imageView2/2/w/1440/format/webp&ap=5&sc=SRH_DTL&sign=325f7f101c1b56ab259fd833c801e374&t=6aa7410f,,6a6d50e1000000002201123c,YBeIsBKAnPoqBN-fecgczYd_2K6NYQXQea49OQJYpxADA=,https://www.xiaohongshu.com/explore/6a6d50e1000000002201123c?xsec_token=YBeIsBKAnPoqBN-fecgczYd_2K6NYQXQea49OQJYpxADA=&xsec_source=app_note
2026-09-07,法语B2备考/DELF备考,两个朋友法语b2下岸的共同原因（避雷）,我是去年考的b2，刚开始那会儿也是吊儿郎当的，今天学学明天想歇歇那种，后来眼看着考试一天天近了，才想着重新规划一下好好学,395,412,18,39,图文,Liberté,https://sns-na-i11.xhscdn.com/notes_pre_post/1040g3k0324qbi02ngo6g5q1vvvqmr7nbkbj7ia8?imageView2/2/w/1440/format/webp&ap=5&sc=SRH_DTL&sign=1c12029dd03a53bd7e932205194b0846&t=6aa7410f,,6a9e615300000000280335b6,YBeuQnhzsPfmkVyXi0P0D4-YadQRw2WuHYXv3Ue_skGLA=,https://www.xiaohongshu.com/explore/6a9e615300000000280335b6?xsec_token=YBeuQnhzsPfmkVyXi0P0D4-YadQRw2WuHYXv3Ue_skGLA=&xsec_source=app_note
2026-06-10,法语B2备考,法语B2一次上岸，我的5个月作息🗓️,写在前面 感谢大家喜爱与关注，拖了两天才整理好经验。去年的我和你们一样，报完名就懵了，不知道考什么题型，不知道从哪下手,373,449,18,90,图文,浮华,https://sns-na-i11.xhscdn.com/notes_pre_post/1040g3k03217r1htcnk605qg1q5a0fi00ogi1nfo?imageView2/2/w/1440/format/webp&ap=5&sc=SRH_DTL&sign=98dbc4863b370bc2d533c5dd7b8b53ec&t=6aa7410f,,6a291fe9000000002103ec99,YBtg9jb7goNA3zFgUYBVKHNLV1-CK5b9ztQtJsbFMbef8=,https://www.xiaohongshu.com/explore/6a291fe9000000002103ec99?xsec_token=YBtg9jb7goNA3zFgUYBVKHNLV1-CK5b9ztQtJsbFMbef8=&xsec_source=app_note
2026-07-15,法语B2备考,法语B2实际不是考试而是记忆力大赛。。。,先跟大家说清楚我的情况，普通上班族，非法语专业，之前只学过基础法语，然后想着考法语B2后，我备考花了六个月左右的时间，每,381,403,20,53,图文,鳗鱼饭,https://sns-na-i11.xhscdn.com/1040g2sg322kk8221n0lg5p403at3os4pn13hsno?imageView2/2/w/1440/format/webp&ap=5&sc=SRH_DTL&sign=8e1c84ae95143339bee0dbd7ed7f644a&t=6aa7410f,,6a56f9fc000000000f01fd05,YBLmVt8W06HRWKb0C5s3glwrOZcHqpAPo7MFfdUNJgLUU=,https://www.xiaohongshu.com/explore/6a56f9fc000000000f01fd05?xsec_token=YBLmVt8W06HRWKb0C5s3glwrOZcHqpAPo7MFfdUNJgLUU=&xsec_source=app_note
2026-09-02,法语B2备考/DELF备考,一年拿到法语B2，我的一点学习心得,#法国留學 #delfb2 #法语 #法语学习 #非脱产 #法国英授,332,419,39,49,图文,楓臨,https://sns-na-i11.xhscdn.com/oss-sg/notes/1040g3l0324kaismh2q005otkr579t4v1plbe9d0?imageView2/2/w/1440/format/webp&ap=5&sc=SRH_DTL&sign=6cbb38551ee9eeddc66fd93b308d7e4b&t=6aa7410f,,6a9838560000000037031ab7,YBU3LZJUYR41WHQ3vkV1ZueMc5TLNv6eFRe3SfSXlZrf0=,https://www.xiaohongshu.com/explore/6a9838560000000037031ab7?xsec_token=YBU3LZJUYR41WHQ3vkV1ZueMc5TLNv6eFRe3SfSXlZrf0=&xsec_source=app_note
2026-06-23,法语B2备考,我从小住在法国，想找几个人死磕法语B2！,大家好，我从小住在法国，毕业于索邦大学，之前在线下担任法语老师11年，法语是我的母语/接近母语水平。 现在我想尝试线上找,301,153,110,15,图文,比耶优兔,https://sns-na-i11.xhscdn.com/spectrum/1040g0k0324antv2174005pflcjghhpphegofupg?imageView2/2/w/1440/format/webp&ap=5&sc=SRH_DTL&sign=32dedb2940ddfacb98884bec7cf6397b&t=6aa7410f,,6a3a5a18000000002103cd9d,YBDL4Xweev83LV9hoGRcKvgvqc78Nrc1-bxWeowu852DE=,https://www.xiaohongshu.com/explore/6a3a5a18000000002103cd9d?xsec_token=YBDL4Xweev83LV9hoGRcKvgvqc78Nrc1-bxWeowu852DE=&xsec_source=app_note
2026-09-10,法语B2备考,因为法语考了b2，说点xhs上没人说的,1、直接去法语考试官网下载样题和评分标准，很多细节全在里面，尤其写作议论文到底怎么打分、口语辩论环节考官在听什么。比如虚,175,224,27,18,图文,番薯不是薯,https://sns-na-i11.xhscdn.com/notes_pre_post/1040g3k0324u526k5jo605qar4j2e727gh9rc03g?imageView2/2/w/1440/format/webp&ap=5&sc=SRH_DTL&sign=952258b96cb1ef0a196f79084b2e3c1f&t=6aa7410f,,6aa24463000000002600be86,YBpqxoP7VQJ59pafHRkGNjMQ-3VZebYEjy2ZsSmEn3dEA=,https://www.xiaohongshu.com/explore/6aa24463000000002600be86?xsec_token=YBpqxoP7VQJ59pafHRkGNjMQ-3VZebYEjy2ZsSmEn3dEA=&xsec_source=app_note
2026-07-29,法语B2备考,🇫🇷法语B2备考，如何高效自学法语,Hi~ 这里是Sofia✨ 暑假一眨眼就过半啦 趁这段时间，和大家分享我近期一直在坚持的事——自学法语🇫🇷 没有报班,158,67,11,11,图文,Mira Sofía ~,https://sns-na-i11.xhscdn.com/1040g2sg323bps2inga005p5qstupem1pp08rnlg?imageView2/2/w/1440/format/webp&ap=5&sc=SRH_DTL&sign=589ee9cfe6ac09756e78ebe6c6aee966&t=6aa7410f,,6a6a0970000000000301c4ee,YBBdoepS37Q2iR3gHxWrzOxQgawx6ooGHs3GHia0O5lXw=,https://www.xiaohongshu.com/explore/6a6a0970000000000301c4ee?xsec_token=YBBdoepS37Q2iR3gHxWrzOxQgawx6ooGHs3GHia0O5lXw=&xsec_source=app_note
2026-04-10,法语B2备考,热的还烫手的法语B2经验贴（事无巨细）,先跟大家说清楚我的情况，普通上班族，非法语专业，之前只学过基础法语，然后想着考法语B2后，我就系统备考花了六个月左右的时,158,225,6,26,图文,鳗鱼饭,https://sns-na-i11.xhscdn.com/1040g00831up0t3uais6g5p403at3os4pli9f0h8?imageView2/2/w/1440/format/webp&ap=5&sc=SRH_DTL&sign=c5e6fa0cc7510548aa6684bade3ac495&t=6aa7410f,,69d867e2000000002200c6a4,YBFWorydHTxt-Y0-6KH06VLbE1B76mjcpj2_5t9ONhB9E=,https://www.xiaohongshu.com/explore/69d867e2000000002200c6a4?xsec_token=YBFWorydHTxt-Y0-6KH06VLbE1B76mjcpj2_5t9ONhB9E=&xsec_source=app_note
2026-04-08,法语B2备考,给大家普及一下，法语B2半年上岸的强度,先交代一下背景：本人大学二外学的法语，一开始连动词变位都背不下来。突然暑假想考B2，就硬着头皮备考了半年。每天大概早8晚,149,202,8,27,图文,优小优酱,https://sns-na-i11.xhscdn.com/notes_pre_post/1040g3k031umpi9632o005pkhv0lguek9sptkk58?imageView2/2/w/1440/format/webp&ap=5&sc=SRH_DTL&sign=8519a10db5ab0fa029fb0b66c4ad2c97&t=6aa7410f,,69d61f7b000000002102f82b,YBJ9Vm0z2qFmgyRFJ1TtSTwg_6WsG-IEZrT5GHb7Gjp2Q=,https://www.xiaohongshu.com/explore/69d61f7b000000002102f82b?xsec_token=YBJ9Vm0z2qFmgyRFJ1TtSTwg_6WsG-IEZrT5GHb7Gjp2Q=&xsec_source=app_note
2026-04-12,法语B2备考,🇨🇦TCF Canada 成功上岸时间线分享｜零基础,🔹 2025.2.14 PTE Core 上岸 CLB 9。 🔹 2025.3 因为 EE 分数一直居高不下，整个人,143,109,79,19,图文,321,https://sns-na-i11.xhscdn.com/notes_pre_post/1040g3k831urhv2f32s2g48h61po8em778adm9mg?imageView2/2/w/1440/format/webp&ap=5&sc=SRH_DTL&sign=de10f93dafa2f141458b3fa518f5f090&t=6aa7411b,,69db014d0000000021007368,YBicq5PHdN_eJqOGXMoFItkSvCDqiUKDMHfsEalplW2uw=,https://www.xiaohongshu.com/explore/69db014d0000000021007368?xsec_token=YBicq5PHdN_eJqOGXMoFItkSvCDqiUKDMHfsEalplW2uw=&xsec_source=app_note
2026-05-29,法语B2备考,6月准备学法语B2的可以参考我的节奏,本人bg: 双非二本，语言基础不太好，也就是英语四级擦边过的程度，法语我也就大学学过一点，但没系统学，准备考试算是重新拾,144,180,7,20,图文,鳗鱼饭,https://sns-na-i11.xhscdn.com/1040g008320o61soule605p403at3os4picdfem8?imageView2/2/w/1440/format/webp&ap=5&sc=SRH_DTL&sign=ba21764195cf842e18cc3c5830709c88&t=6aa7411b,,6a19151a00000000350201e5,YBUaI0l7d9s0psZGH4v9I2qw-jgJ_FJ_NalWK4NPMiyMU=,https://www.xiaohongshu.com/explore/6a19151a00000000350201e5?xsec_token=YBUaI0l7d9s0psZGH4v9I2qw-jgJ_FJ_NalWK4NPMiyMU=&xsec_source=app_note
2026-07-23,法语B2备考,每日一篇法语短文精读,难度：B2 来源：法国健康类媒体（如《Le Figaro Santé》《Santé Magazine》等 #外刊 #法,125,93,4,7,图文,每日一篇法语精读,https://sns-na-i11.xhscdn.com/notes_pre_post/1040g3k8322uvd8v7nod05qilrc23nv005bhb320?imageView2/2/w/1440/format/webp&ap=5&sc=SRH_DTL&sign=74251f870158009e1ca35ea121fd5731&t=6aa7411b,,6a6192d0000000000401ee1b,YB6DEWqGl5q2lVHMc2_tlVWFzNPX6U9qUrVYyvmsyo9ZI=,https://www.xiaohongshu.com/explore/6a6192d0000000000401ee1b?xsec_token=YB6DEWqGl5q2lVHMc2_tlVWFzNPX6U9qUrVYyvmsyo9ZI=&xsec_source=app_note
2026-08-30,法语B2备考,法语进度为0的，就这42页纸，背完保底B2,#法语 #法语入门 #法语单词 #法语零基础学习 #二外法语 #法语口语＃法语轻松学 #学习法语 #小语种,125,205,89,34,图文,鱼丸粗面,https://sns-na-i11.xhscdn.com/1040g2sg324ei019q0ag05qd7kcin6i25kbrcr50?imageView2/2/w/1440/format/webp&ap=5&sc=SRH_DTL&sign=cb3b6db56704d13430378fe9b162c3e4&t=6aa7411b,,6a9399a40000000021031f87,YBBNMVnDzlNLHoRO7IwsOXVOXjJvFwmtIlbxzWx1dlLfU=,https://www.xiaohongshu.com/explore/6a9399a40000000021031f87?xsec_token=YBBNMVnDzlNLHoRO7IwsOXVOXjJvFwmtIlbxzWx1dlLfU=&xsec_source=app_note
2026-08-08,法语B2备考,🎧 法语B2听力，我把这几个播客听烂了,🌈 听力是很多法语人最头疼的科目，音频只放一遍，语速一快就跟不上。播客是碎片时间练听力的好帮手，推荐几个宝藏播客,105,164,10,31,图文,Beaut学姐,https://sns-na-i11.xhscdn.com/notes_pre_post/1040g3k0323jnnktqga005q6bd6r8mqvnsa4g6b0?imageView2/2/w/1440/format/webp&ap=5&sc=SRH_DTL&sign=0530ef6a20dc41da0f8f6d3f6afadc8b&t=6aa7411b,,6a76d51b00000000330333b2,YBExsfh3Wvt4NlW3BlyO5Tu_C6nzUrXPus4scIVoflWi0=,https://www.xiaohongshu.com/explore/6a76d51b00000000330333b2?xsec_token=YBExsfh3Wvt4NlW3BlyO5Tu_C6nzUrXPus4scIVoflWi0=&xsec_source=app_note
2026-08-19,法语B2备考,一年TEF B2｜高效背法语单词焚决,视频使用方法如下😋 #00:14 情境法1:读文章 #00:41 情境法2:主题法 #00:59 词根词缀法,89,90,4,5,视频,春中秋,https://sns-na-i11.xhscdn.com/1040g2sg3241ni4ltgme05qj3f4gkoa04uafa0a8?imageView2/2/w/1440/format/webp&ap=5&sc=SRH_DTL&sign=e80b9411182eb3792c97aca5ae820d28&t=6aa7411b,,6a852a800000000022017e99,YB5Ja8cA5GfC0EDswuz8S94428hmR-kB6Wq7t4Rx7Y8X4=,https://www.xiaohongshu.com/explore/6a852a800000000022017e99?xsec_token=YB5Ja8cA5GfC0EDswuz8S94428hmR-kB6Wq7t4Rx7Y8X4=&xsec_source=app_note
2026-08-27,法语B2备考,其实法语无非就这48页，熬夜死劲背！,#法语 #法语小语种学习 #法语零基础学习 #法语单词 #法语学习打卡 #法语轻松学 #自学法语 #法语入,88,112,43,10,图文,法语Mila老师,https://sns-na-i11.xhscdn.com/spectrum/1040g34o324c6i916n4105ol8p6hmd2otnvnjgso?imageView2/2/w/1440/format/webp&ap=5&sc=SRH_DTL&sign=682926ee1ceeb323bfdc18bd93891a97&t=6aa7411b,,6a8fe22e0000000005029771,YBcWzNX0JprrpQHUzqL8ONFJjO4g0e4dWeXyd_6_ZHCjE=,https://www.xiaohongshu.com/explore/6a8fe22e0000000005029771?xsec_token=YBcWzNX0JprrpQHUzqL8ONFJjO4g0e4dWeXyd_6_ZHCjE=&xsec_source=app_note
2026-08-17,法语B2备考,一个月从A2到B2 | tcf焚决,本人情况： 法专大二，大一基本没学，大二下因为要考专四开始重新学法语，拿到了交换名额，tcf纯自学，六月中考tef A,79,74,9,11,图文,Claire,https://sns-na-i11.xhscdn.com/notes_pre_post/1040g3k0323vqnf610a005pi0aoe0ubqsp34t8lg?imageView2/2/w/1440/format/webp&ap=5&sc=SRH_DTL&sign=19689229983cebae612eab506b307be5&t=6aa7411b,,6a83394b000000003301389d,YBRZODnLtIbZ7tIwpd6aaSlKGTtQWb_5QcYee0Yq0Qhx8=,https://www.xiaohongshu.com/explore/6a83394b000000003301389d?xsec_token=YBRZODnLtIbZ7tIwpd6aaSlKGTtQWb_5QcYee0Yq0Qhx8=&xsec_source=app_note
2026-07-31,法语B2备考,为什么我不是刚学法语就刷到这48页,法语人刷到就存下吧，很难找全的！背下来轻松上B2! #法语 #法语入门 #法语单词 #二外法语 #法语口语＃法语,78,96,25,9,图文,鱼丸粗面,https://sns-na-i11.xhscdn.com/1040g008323985qsina4g5qd7kcin6i25jhm9c1o?imageView2/2/w/1440/format/webp&ap=5&sc=SRH_DTL&sign=038ed301a42b10d78aad837b3a3d79a0&t=6aa7411b,,6a6c5cfc0000000005033e41,YBYwxkrsJ4t2WLAKswgzXKDqlDOsgK8xDCspDMDxfWnrE=,https://www.xiaohongshu.com/explore/6a6c5cfc0000000005033e41?xsec_token=YBYwxkrsJ4t2WLAKswgzXKDqlDOsgK8xDCspDMDxfWnrE=&xsec_source=app_note
2026-08-05,法语B2备考,不太详细但可食用的法语b2经验贴,备考时长：六个月 基础：A2基础 成绩：delf b2 - 我底子不算好，之前只学过基础法语，一点点基础，但一让我做题或,72,63,1,7,图文,鳗鱼饭,https://sns-na-i11.xhscdn.com/1040g2sg323fscog4n2kg5p403at3os4ph62lf3o?imageView2/2/w/1440/format/webp&ap=5&sc=SRH_DTL&sign=e649e7d20dcae44496ece7f8737d7138&t=6aa7411b,,6a72e2ac000000002c0028bc,YBFg8A_qDJlkVeEL6oWgkGVrdgGxrRUMDdjNhbmFBgeg4=,https://www.xiaohongshu.com/explore/6a72e2ac000000002c0028bc?xsec_token=YBFg8A_qDJlkVeEL6oWgkGVrdgGxrRUMDdjNhbmFBgeg4=&xsec_source=app_note
2026-09-04,法语B2备考,第一次参加考法语B2的可以参考一下我,主包先来说一下自己的情况吧，普通大学的学生，备考9个月，在校备考状态，前期在学的时候也是摸不着方向，想着先背单词吧，但是,71,59,6,2,图文,做一个快乐的小仙女,https://sns-na-i11.xhscdn.com/1040g2sg324mjm5ho7k705ngs25h09e93sgla7v0?imageView2/2/w/1440/format/webp&ap=5&sc=SRH_DTL&sign=f1bb04f082a7ec192fda8ece711bd693&t=6aa7411b,,6a9a8b0c000000002a024272,YBmBYF1SenNH8UeuCqyhT05G_etBDlOOlMZO8eiSt-pI4=,https://www.xiaohongshu.com/explore/6a9a8b0c000000002a024272?xsec_token=YBmBYF1SenNH8UeuCqyhT05G_etBDlOOlMZO8eiSt-pI4=&xsec_source=app_note
2026-08-27,法语B2备考,自学8个月法语0→delf b2经验分享（重发版）,上一篇关于语言学习的热度很高，感谢大家的喜欢，后面会按法语（词汇&语法，听，说，写，读，考试技巧），英语，德语的顺序出经,70,69,13,5,图文,苹果不是普通水果（重生版）,https://sns-na-i11.xhscdn.com/oss-sg/notes_pre_post/1040g3mo324c6ear83k005qkeqe50riutak8trq0?imageView2/2/w/1440/format/webp&ap=5&sc=SRH_DTL&sign=290981a63a5b667a4d7b25aa53798a4c&t=6aa7411b,,6a8fe1ca00000000120283c8,YBcWzNX0JprrpQHUzqL8ONFGygD_6f07m9FdDk07fwc0Q=,https://www.xiaohongshu.com/explore/6a8fe1ca00000000120283c8?xsec_token=YBcWzNX0JprrpQHUzqL8ONFGygD_6f07m9FdDk07fwc0Q=&xsec_source=app_note
2026-09-01,法语B2备考,此女法语b2走出脑雾的经验之谈,当时备考的时候，我感觉每天忙的天旋地转，背不完的单词、做不完的阅读，听力一遍一遍听不懂，写作语法反复改错。说实话我当时有,62,45,6,6,图文,做一个快乐的小仙女,https://sns-na-i11.xhscdn.com/notes_pre_post/1040g3k8324iheetsna7g5ngs25h09e93kmgf6ag?imageView2/2/w/1440/format/webp&ap=5&sc=SRH_DTL&sign=de723a7792f7b1f052303bdc09835911&t=6aa7411b,,6a9664ef000000002601a354,YBMb6FFP7WwdGvcH3RoAzvN67hOOhV98kKiyshF_tiGOw=,https://www.xiaohongshu.com/explore/6a9664ef000000002601a354?xsec_token=YBMb6FFP7WwdGvcH3RoAzvN67hOOhV98kKiyshF_tiGOw=&xsec_source=app_note
2026-05-31,法语B2备考/DELF备考,DELF刚刚发布，2026年法语考试题库！,包含A1-B2： 📖听力题库 📖口语题库 📖阅读题库 📖写作题库 #法语 #法语零基础学习 #法语入门,58,72,63,22,图文,180天法语,https://sns-na-i11.xhscdn.com/1040g2sg320qqtflnlml05pkne0agubu7cs88d8o?imageView2/2/w/1440/format/webp&ap=5&sc=SRH_DTL&sign=66f8bfa36c2803734f00b30cbc383077&t=6aa74125,,6a1bccf20000000008001731,YB61nWAYCM3wkL6bJkZvX2wjzi_bmafNxX16MDBi41UVc=,https://www.xiaohongshu.com/explore/6a1bccf20000000008001731?xsec_token=YB61nWAYCM3wkL6bJkZvX2wjzi_bmafNxX16MDBi41UVc=&xsec_source=app_note
2026-08-05,法语B2备考,法语B2经验贴有缘者见,本人情况：二本毕业，非法语生，想着多一个语言证书简历上能多点东西，于是在职用了半年多的时间拿下法语B2证书，听力20，阅,57,69,4,9,图文,humble.,https://sns-na-i11.xhscdn.com/1040g008323fmak4m7k6g5q2uk8e6r6i4aej75b8?imageView2/2/w/1440/format/webp&ap=5&sc=SRH_DTL&sign=dbdaf74baad2a2c5248e67588032c92c&t=6aa74125,,6a72b0f000000000080102d7,YBmeR2pPpuTpHc2jf_GbnU_FbL-TvEw1SmQzuYh6RPisk=,https://www.xiaohongshu.com/explore/6a72b0f000000000080102d7?xsec_token=YBmeR2pPpuTpHc2jf_GbnU_FbL-TvEw1SmQzuYh6RPisk=&xsec_source=app_note
2026-09-11,法语B2备考,法语日常用品｜分类词汇一图记,法语日常用品总是记混？一张图按场景分好，分类记忆比死背快 10 倍👇 🧴 洗护：savon 香皂 /brosse 刷,55,37,0,1,视频,跟Ela学法语DELF,https://sns-na-i11.xhscdn.com/spectrum/1040g0k0324juo05r74005ptugbhho6hhf45cc6o?imageView2/2/w/1440/format/webp&ap=5&sc=SRH_DTL&sign=60b5aed66442d51c29c3663387e71597&t=6aa74125,,6a97d335000000002b003f75,YBQW-j1gkkC50m0GQkvgHaL5hM6qtCkR8oncI7-sU1yNU=,https://www.xiaohongshu.com/explore/6a97d335000000002b003f75?xsec_token=YBQW-j1gkkC50m0GQkvgHaL5hM6qtCkR8oncI7-sU1yNU=&xsec_source=app_note
2026-09-04,法语B2备考,法语Delf b2备考小技巧（考前版,国内场11月份dalf/delf考试9月9号报名 国内的学生也到备考阶段了 分享一下备考时期法语线上课给学生上课的思路,53,47,6,4,图文,月色Flora,https://sns-na-i11.xhscdn.com/oss-sg/notes/1040g3l0324mufdqfii005qkplah0ri7ldl9vrdo?imageView2/2/w/1440/format/webp&ap=5&sc=SRH_DTL&sign=0b093d1c0b5b42a62bf9c6c08252f810&t=6aa74125,,6a9ae6b10000000014010b89,YBpY3dtBfJiD6HeLpxB1Yk2zqVoNVA1it6afJR4OUj8cY=,https://www.xiaohongshu.com/explore/6a9ae6b10000000014010b89?xsec_token=YBpY3dtBfJiD6HeLpxB1Yk2zqVoNVA1it6afJR4OUj8cY=&xsec_source=app_note
2026-08-30,法语B2备考,求助法语人,,52,40,82,6,图文,不知道,https://sns-na-i11.xhscdn.com/1040g008324gb9h6kn2005pudi3r39cf45hidm00?imageView2/2/w/1440/format/webp&ap=5&sc=SRH_DTL&sign=d69d6b25e5abed618ef164578de4a76e&t=6aa74125,,6a9422200000000024005fe2,YB9qWLc9LOp_eh9ZE53Rvz7TpavFZVvbKaNMgcnQH8P_A=,https://www.xiaohongshu.com/explore/6a9422200000000024005fe2?xsec_token=YB9qWLc9LOp_eh9ZE53Rvz7TpavFZVvbKaNMgcnQH8P_A=&xsec_source=app_note
2026-06-29,法语B2备考,个人认为，Bilibili最顶的法语教学博主,家人们！学法语找对博主真的超省心！整理了8个私藏的B站优质法语博主，从入门到进阶全适配，收藏慢慢刷吧,52,72,0,12,图文,比耶优兔,https://sns-na-i11.xhscdn.com/spectrum/1040g34o32204e5sp701g5pflcjghhpph6lum5mo?imageView2/2/w/1440/format/webp&ap=5&sc=SRH_DTL&sign=57ce9c85cb0a776cbc68cd914af1b84d&t=6aa74125,,6a41fdf9000000001702e333,YBNE4PNHoQ0dTPOa-tuMKem14aJEOAeqax6ZGm3Lm51mg=,https://www.xiaohongshu.com/explore/6a41fdf9000000001702e333?xsec_token=YBNE4PNHoQ0dTPOa-tuMKem14aJEOAeqax6ZGm3Lm51mg=&xsec_source=app_note
2026-07-23,法语B2备考,2026法语考级必备B2C1C2真题合集,备考法语等级考试最大痛点📉：高阶DALF真题资源极度稀缺，B2-C2真题不成体系。自学备考缺少官方题库，无法模拟真实考,0,0,0,0,图文,薯来宝卖资料,https://sns-na-i11.xhscdn.com/1040g2sg322v3h915nug05pmpnb17c8ilau9gkmo?imageView2/2/w/1440/format/webp&ap=5&sc=SRH_DTL&sign=db533e0d34d960aee547dd9046c6ec2f&t=6aa74125,,6a61c7b20000000006013404,YBuRnIvn-R0xJunGqiXtSbMb_91JMTfbC1Xmpw2XEA4Q4=,https://www.xiaohongshu.com/explore/6a61c7b20000000006013404?xsec_token=YBuRnIvn-R0xJunGqiXtSbMb_91JMTfbC1Xmpw2XEA4Q4=&xsec_source=app_note
2026-07-08,法语B2备考,法语进步最快的方式：没有之一（邪修版）！,#法语 #法语法语 #法语入门 #二外法语 #法语发音 #法语词汇 #法语口语＃法语轻松学 #法语单词,51,81,70,10,视频,鱼丸粗面,https://sns-na-i11.xhscdn.com/spectrum/1040g0k0322brpa5qn4005qd7kcin6i25ib6h27o?imageView2/2/w/1440/format/webp&ap=5&sc=SRH_DTL&sign=0398e065aff61f175a15877dd19465b1&t=6aa74125,,6a4e0158000000000702951d,YBRQCXtCnEY1iZZ1LfmkdziG7axePsGFzMhJL13yCkOoI=,https://www.xiaohongshu.com/explore/6a4e0158000000000702951d?xsec_token=YBRQCXtCnEY1iZZ1LfmkdziG7axePsGFzMhJL13yCkOoI=&xsec_source=app_note
2026-09-08,法语B2备考,此女4个月过法语B2的雷霆手段,大家在备考之前其实都是语言天赋差不多的普通人，但是有些人能考上有些人考不上关键差距就在于备考的方法和努力程度，刚开始走弯,47,69,0,10,图文,公主说,https://sns-na-i11.xhscdn.com/notes_pre_post/1040g3k0324rdm8jb1u005ntgplpg99fjd9vsmio?imageView2/2/w/1440/format/webp&ap=5&sc=SRH_DTL&sign=5752d89571e9321acc5d4cc3140b1afc&t=6aa74125,,6a9f78bc000000002601592c,YB46zIiCCUQ4rUm_wwOhhhHr_g_bH9Kl_EHGfgqKGgDAs=,https://www.xiaohongshu.com/explore/6a9f78bc000000002601592c?xsec_token=YB46zIiCCUQ4rUm_wwOhhhHr_g_bH9Kl_EHGfgqKGgDAs=&xsec_source=app_note
2026-07-28,法语B2备考,法语全套网课｜A1 零基础直达 C1+DELF 备考,自学法语、准备 DELF 考试的宝子快看❗ 不用到处零散搜集资料，全套学习资源一次性整理齐全😭 从零基础入门→等级进阶,0,0,0,0,图文,懒人黑科技,https://sns-na-i11.xhscdn.com/spectrum/1040g34o32359tgb2n4805o3h8efg8rhtiee5l40?imageView2/2/w/1440/format/webp&ap=5&sc=SRH_DTL&sign=42418be397cb147a5795066b3b6b63af&t=6aa74125,,6a680eaa000000000f010e9c,YB6IM6jMx5RZ7Bzhgdi1PokXF0n3ZzXsSuBikGDImVFs8=,https://www.xiaohongshu.com/explore/6a680eaa000000000f010e9c?xsec_token=YB6IM6jMx5RZ7Bzhgdi1PokXF0n3ZzXsSuBikGDImVFs8=&xsec_source=app_note
2026-06-03,法语B2备考/DELF备考,60 篇短文搞定 7000 法语词｜DELF 备考刚需,谁懂背法语单词的痛😭 平时背词背了就忘，背完还不会用，阅读碰见单词明明背过也看不懂句意，备考 DELF 词汇瓶颈卡了超,40,43,29,6,图文,法式摸鱼学,https://sns-na-i11.xhscdn.com/1040g008320umnvjine605q56p706apa53mcvqeg?imageView2/2/w/1440/format/webp&ap=5&sc=SRH_DTL&sign=dd614d9e2dfdc164c1f979989297c551&t=6aa74125,,6a1fc2ee00000000360321d3,YBHyVGiGEEiicwNZk1Zo5sgN5zXf2oSg5Ugwrcbod6_1M=,https://www.xiaohongshu.com/explore/6a1fc2ee00000000360321d3?xsec_token=YBHyVGiGEEiicwNZk1Zo5sgN5zXf2oSg5Ugwrcbod6_1M=&xsec_source=app_note
2026-07-31,法语B2备考,法语b2终于可以暂时告一段落了,耗时大约四个半月时间，把这本书从前言部分啃到末尾，不得不说alterego确实是一本很好的教材，好几次都被里面的表达和内,39,13,10,3,图文,chellore,https://sns-na-i11.xhscdn.com/notes_uhdr/1040g3qo3239fo4i07o705o4g0p9g8uln56ip5l8?imageView2/2/w/1440/format/webp&ap=5&sc=SRH_DTL&sign=ab484e36a01d72ba02ad6478d3eaae3a&t=6aa74125,,6a6c561a00000000080102e6,YBdYZjGZI9NuWGMZ6neA26YUgo1YyEvrY8QWVSF06y8rg=,https://www.xiaohongshu.com/explore/6a6c561a00000000080102e6?xsec_token=YBdYZjGZI9NuWGMZ6neA26YUgo1YyEvrY8QWVSF06y8rg=&xsec_source=app_note
2026-08-29,法语B2备考,小女子在职拿下法语b2，请大家谨慎参考xhs,我是去年考下来的，我其实备考时间也不短，正式认真规划来看只有半年多，但其实我在那之前就有接触，有学，只是我有点三天打鱼两,37,37,1,4,图文,时间灰烬,https://sns-na-i11.xhscdn.com/1040g2sg324ekiilc7kg05qgjnqag8u0044j0l1g?imageView2/2/w/1440/format/webp&ap=5&sc=SRH_DTL&sign=d2c4978231512a21c12523dd50336cb6&t=6aa74125,,6a9261180000000025011bbb,YB-Cz6ZAEVR2hmkrhncaECTke8E4Y6J5DkJErWQJyqxLU=,https://www.xiaohongshu.com/explore/6a9261180000000025011bbb?xsec_token=YB-Cz6ZAEVR2hmkrhncaECTke8E4Y6J5DkJErWQJyqxLU=&xsec_source=app_note
2026-06-29,法语B2备考,我不允许有人为法语电子书花一分钱…,📢 备考法语的同学看过来！整套法语电子书大合集来啦～无纸化学习超便捷！！🌟 从入门小白到冲刺C1，你备考所需的书籍这,37,28,191,6,图文,Luna学姐,https://sns-na-i11.xhscdn.com/notes_pre_post/1040g3k8322090ou07uag5pra86u63g8iqn4rc08?imageView2/2/w/1440/format/webp&ap=5&sc=SRH_DTL&sign=d2c821d19a1ed582dae031091844b4a8&t=6aa74125,,6a42260b00000000070268f6,YBwANS4H0kN7PaaaJV6a7ZrfwJlhXHOnnPyOzA-x07kSc=,https://www.xiaohongshu.com/explore/6a42260b00000000070268f6?xsec_token=YBwANS4H0kN7PaaaJV6a7ZrfwJlhXHOnnPyOzA-x07kSc=&xsec_source=app_note
2026-08-19,法语B2备考,《Le DELF 100% Réussite》新版，必备,A1/A2/B1/B2全系列都有 🎧听力语速语调跟考试一模一样 ✍️写作给模板给句型，照着练就能写 🗣️口语话题全覆,0,0,0,0,图文,澳洲教育资源库,https://sns-na-i11.xhscdn.com/notes_pre_post/1040g3k03241gqdbhna6g5p6gs492ou51qf8jg00?imageView2/2/w/1440/format/webp&ap=5&sc=SRH_DTL&sign=c0ea7f74695fbc11b0826e0e55f28a3d&t=6aa74125,,6a84f4250000000033013927,YBUi3um2OxldvUqDxfizHU1rZJsyBXwdtA7Xebc5CRF-g=,https://www.xiaohongshu.com/explore/6a84f4250000000033013927?xsec_token=YBUi3um2OxldvUqDxfizHU1rZJsyBXwdtA7Xebc5CRF-g=&xsec_source=app_note
2026-04-27,DELF备考,一个月dalfC1 75分备考攻略 附个人作文模板,写在前面，博主是第二次考，第一次是在法国接近裸考最后差两分过。 回国后痛定思痛决定好好复习拿下。然后我不喜欢拉长战线考试,433,505,18,33,图文,阿笋,https://sns-na-i11.xhscdn.com/1040g2sg31vfkjhg848e05n8fhlokloeh0aitgn8?imageView2/2/w/1440/format/webp&ap=5&sc=SRH_DTL&sign=9b25d3f63106f01e9cea75c0d78fe48f&t=6aa74137,,69ef94cd000000003502f665,YB8NjK6mqiyQ7CXiXiZpHyC_GCaTfS4RgLDewVrUhJbsk=,https://www.xiaohongshu.com/explore/69ef94cd000000003502f665?xsec_token=YB8NjK6mqiyQ7CXiXiZpHyC_GCaTfS4RgLDewVrUhJbsk=&xsec_source=app_note
2026-07-17,DELF备考,打工人报了一个很严的法语课是什么感受,“每天早上被学习任务叫醒，晚上还不敢关机。感觉自己花钱雇了个监工，但是真的很香。” . 这是我一个刚学了两个月的学生发的,323,104,217,40,图文,优小优酱,https://sns-na-i11.xhscdn.com/notes_pre_post/1040g3k8322ni47pm00005pkhv0lguek92fgjq68?imageView2/2/w/1440/format/webp&ap=5&sc=SRH_DTL&sign=05f4dad978d23b02ff68446410a4da42&t=6aa74137,,6a59fb1c0000000005039a0f,YBbfhfwiixDDTL-Og4-sSlYKzD9olsGeMnDANbFkQAvv8=,https://www.xiaohongshu.com/explore/6a59fb1c0000000005039a0f?xsec_token=YBbfhfwiixDDTL-Og4-sSlYKzD9olsGeMnDANbFkQAvv8=&xsec_source=app_note
2026-08-14,DELF备考,DALFC1+/C2:青少年心理健康,dalfc1和c2常考的话题“la santé mentale des adolescents”，一起来听听吧！ #法语,184,146,9,17,视频,莽撞天才,https://sns-na-i11.xhscdn.com/1040g2sg323r7lr5q0oe04a651qvhfmnbmftdli8?imageView2/2/w/1440/format/webp&ap=5&sc=SRH_DTL&sign=dfe0bd849a2578c50c079d7dc5913bb8&t=6aa74137,,6a7e8265000000000502b67b,YB0tCt2xHVwnVrDk2EIuCmtnsmlZtXJ_PcS-mCVJT6gT0=,https://www.xiaohongshu.com/explore/6a7e8265000000000502b67b?xsec_token=YB0tCt2xHVwnVrDk2EIuCmtnsmlZtXJ_PcS-mCVJT6gT0=&xsec_source=app_note
2026-08-11,DELF备考,DALF C2 80分上岸✅写作44，我靠这三件事拿分,三月报名的六月份的考试，一开始想要沉下心来好好复习，结果后来接二连三一连串水逆之事，除开平常保持的阅读习惯，满打满算复习,148,145,9,11,图文,iciNathalie,https://sns-na-i11.xhscdn.com/1040g008323ns11pqgo0g45h497g6j7icc95l42g?imageView2/2/w/1440/format/webp&ap=5&sc=SRH_DTL&sign=95283eff0a73694a326360b95735b5f2&t=6aa74137,,6a7b15c7000000002403c7a1,YB8QRKboVvozkfgvUQ_eYtHN_oHO2Q3GbXEA9ztMBXEeY=,https://www.xiaohongshu.com/explore/6a7b15c7000000002403c7a1?xsec_token=YB8QRKboVvozkfgvUQ_eYtHN_oHO2Q3GbXEA9ztMBXEeY=&xsec_source=app_note
2026-03-25,DELF备考,大龄留子，分享一些无痛过DELF B2的法语偏方,大家好呀，巴黎艺术留学的大龄留子我本人又上线啦～ 最近顺利通过Delf B2，想就着这个专题，分享一些我的法语学习偏方,135,81,31,13,图文,荣三和,https://sns-na-i11.xhscdn.com/notes_pre_post/1040g3k031u5gth432g2g495b71ddb3iks5ovpog?imageView2/2/w/1440/format/webp&ap=5&sc=SRH_DTL&sign=1e05910a0f3557c79587b1c357f5da58&t=6aa74137,,69c4708d000000001a02c74b,YBhEXwKUcZOa9JcbvwwrXn5s-QVtj4JnJuQHx9ZXMO4IQ=,https://www.xiaohongshu.com/explore/69c4708d000000001a02c74b?xsec_token=YBhEXwKUcZOa9JcbvwwrXn5s-QVtj4JnJuQHx9ZXMO4IQ=&xsec_source=app_note
2026-08-06,DELF备考,1个月间歇性备考拿下Dalf C1,rt 经验贴来了 如果有人需要我后续再整理一下作文口语的模版素材~ #法语 #DalfC1 #27fall #Da,127,107,9,5,图文,天择已非人类学文本,https://sns-na-i11.xhscdn.com/1040g008323h1ldmh70205qhf7qv3nj01qr1l0e8?imageView2/2/w/1440/format/webp&ap=5&sc=SRH_DTL&sign=8f3237bcc783030438a1f08fed53e1ec&t=6aa74137,,6a7413de000000003203132b,YBs9RIe4tvW1K4uTv21-x4N09YqZrDBJWe_K_YuJk15zo=,https://www.xiaohongshu.com/explore/6a7413de000000003203132b?xsec_token=YBs9RIe4tvW1K4uTv21-x4N09YqZrDBJWe_K_YuJk15zo=&xsec_source=app_note
2026-07-08,DELF备考,DALF C2备考经验分享,非高分经验，仅做参考～ 个人认为适合和我一样有考前焦虑，临场紧张容易忘词的备考者，希望大家都能心想事成[福R] 整体备考,116,117,10,15,图文,Figue,https://sns-na-i11.xhscdn.com/1040g008322c6dgjgnu2g5n7cfau60n88ab08mso?imageView2/2/w/1440/format/webp&ap=5&sc=SRH_DTL&sign=c469956a439f6a0d5c2204d4919cc1bd&t=6aa74137,,6a4e745b0000000015024586,YBj6j6pPVFH3ibI9B7xkOzlMh0iE0A2KCBIbTLTYnbWkg=,https://www.xiaohongshu.com/explore/6a4e745b0000000015024586?xsec_token=YBj6j6pPVFH3ibI9B7xkOzlMh0iE0A2KCBIbTLTYnbWkg=&xsec_source=app_note
2026-08-22,DELF备考,DALF C1通过经验分享,博主一年前裸考B2擦边56分，听力阅读都在20+，薄弱点是写作口语。所以本次备考C1主要思路是维持听力阅读手感+强化练习,105,87,21,8,图文,Rudyyyy,https://sns-na-i11.xhscdn.com/1040g2sg32465odc40o705pn3tpnnc1jq3rk562g?imageView2/2/w/1440/format/webp&ap=5&sc=SRH_DTL&sign=61e5153344915bbb904b2a4743754e54&t=6aa74137,,6a89bae4000000001402b4b0,YB-J0xJt3dtATjHTLC0KGj5-JrVEBs3YrjE_nmv3RIk1w=,https://www.xiaohongshu.com/explore/6a89bae4000000001402b4b0?xsec_token=YB-J0xJt3dtATjHTLC0KGj5-JrVEBs3YrjE_nmv3RIk1w=&xsec_source=app_note
2026-07-27,DELF备考,一周速通DALFC1教程（微痛,p2-5 速成dalfC1经验文字版✍ p6-8 笔记📒 p9-14 在天津吃美了的力证😋 法专大四，专四专八优秀,89,80,8,22,图文,浪漫农夫12138,https://sns-na-i11.xhscdn.com/1040g2sg32343tn6j7ue05q7m6s2dttnor0nncq0?imageView2/2/w/1440/format/webp&ap=5&sc=SRH_DTL&sign=0c6be0a0c0d166921a3f27d07ec260f3&t=6aa74137,,6a66da2f000000000101fae8,YBVUumPT9CllIAFZfPA4hoIYGaIrHcjaNGCXXTF8hTSbY=,https://www.xiaohongshu.com/explore/6a66da2f000000000101fae8?xsec_token=YBVUumPT9CllIAFZfPA4hoIYGaIrHcjaNGCXXTF8hTSbY=&xsec_source=app_note
2026-09-11,DELF备考,法语DELF B2听力近满分经验贴,通过精听同一段音频7天，我显著提升了听力水平。每天任务不同，逐步掌握连读、弱读、语调等细节，最终在考试中稳定在20分以上,84,84,1,13,图文,,https://sns-na-i11.xhscdn.com/notes_pre_post/1040g3k0324ui54vgj2005pje5r91oqmn0lab2v0?imageView2/2/w/1440/format/webp&ap=5&sc=SRH_DTL&sign=0e7273d343cc0cd8b17e309ee5f0a2b4&t=6aa74145,,6aa2b2ee000000002900d0f3,YBgcZh0qGOoiFbNn4CAmgQHZTz3mOj4s0Uglp6SfYo6sw=,https://www.xiaohongshu.com/explore/6aa2b2ee000000002900d0f3?xsec_token=YBgcZh0qGOoiFbNn4CAmgQHZTz3mOj4s0Uglp6SfYo6sw=&xsec_source=app_note
2026-05-20,DELF备考,法语DELF写作救星！直接默写的高分框架,很多考B1的宝子栽在写作上！ 其实B1写作不考高级词汇、不考复杂从句 考官打分只看：✅格式正确 ✅逻辑通顺 ✅要点齐全,55,72,0,18,图文,,https://sns-na-i11.xhscdn.com/notes_pre_post/1040g3k8320cpbdmem27g4a63pk17pac03q95sa0?imageView2/2/w/1440/format/webp&ap=5&sc=SRH_DTL&sign=e969668b058862ea4afdbe9977ea68fe&t=6aa74145,,6a0d69b50000000008001810,YBPxLZflBbbHCsYHN4C52j3rCMLLV3GJsq0dKX0ZSdvwM=,https://www.xiaohongshu.com/explore/6a0d69b50000000008001810?xsec_token=YBPxLZflBbbHCsYHN4C52j3rCMLLV3GJsq0dKX0ZSdvwM=&xsec_source=app_note
2026-08-17,DELF备考,通过DELF B1至少需要多少努力,复习时长：3月21日-6月26日，每天2小时。三个月是我认为的最少时长，可能是距离考A2过了一年，忘的比较多[笑哭R,51,46,6,3,图文,,https://sns-na-i11.xhscdn.com/notes_pre_post/1040g3k8323v9m62smu7049r2n46k3gkcjpa1vpo?imageView2/2/w/1440/format/webp&ap=5&sc=SRH_DTL&sign=de8307f145079ba8e652bfed5afcda11&t=6aa74145,,6a82ba7c000000002702325e,YBAKEQIkWbwMbvKsDMgfxlqMDzf9iw3BKeacsFdT8bm2s=,https://www.xiaohongshu.com/explore/6a82ba7c000000002702325e?xsec_token=YBAKEQIkWbwMbvKsDMgfxlqMDzf9iw3BKeacsFdT8bm2s=&xsec_source=app_note
2026-07-20,DELF备考,🌳🌞 A2听写｜乡村的一天,🌿 乡村生活安静而轻松，远离城市的喧嚣。 🏡 在这篇A2级别听写中，你将跟随主人公度过平凡而愉快的一天：散步🚶、照,49,28,4,7,视频,,https://sns-na-i11.xhscdn.com/1040g008322rj23o2n3a05p5f30r43jvs0l2elsg?imageView2/2/w/1440/format/webp&ap=5&sc=SRH_DTL&sign=6e94647aab15bd2cae20d6a27aad0a39&t=6aa74145,,6a5e1b72000000000f032893,YBkCXfq_ZM93TkiPVOoQ3t8wwyo6gjjE429sSTL3r9HZk=,https://www.xiaohongshu.com/explore/6a5e1b72000000000f032893?xsec_token=YBkCXfq_ZM93TkiPVOoQ3t8wwyo6gjjE429sSTL3r9HZk=&xsec_source=app_note
2026-08-22,DELF备考,法语DELF B2备考经验,这是我的一点备考经验，分享给大家，大家有问题可以评论[回招呼]#法语 #DELF #法语delf #delfb,44,32,6,4,视频,,https://sns-na-i11.xhscdn.com/1040g008324j1ovvqna6g5qansapsl31gocou6v0?imageView2/2/w/1440/format/webp&ap=5&sc=SRH_DTL&sign=9be4a716be79201aed8e21425b27825a&t=6aa74145,,6a8982c6000000002800b704,YBU4FBPbGA412hcCduBlaAtgdS3mA3MAkU1PLKGKmYM-A=,https://www.xiaohongshu.com/explore/6a8982c6000000002800b704?xsec_token=YBU4FBPbGA412hcCduBlaAtgdS3mA3MAkU1PLKGKmYM-A=&xsec_source=app_note
2026-09-02,DELF备考,法语DELF B2备考经验下篇来啦,至此已交出全部备考焚决，还有什么问题都可以问我[回招呼]#delfb2 #法语 #DELF #法语DELF #新,42,35,0,0,视频,,https://sns-na-i11.xhscdn.com/1040g2sg324jma5v4gak05qansapsl31gcdtmfb8?imageView2/2/w/1440/format/webp&ap=5&sc=SRH_DTL&sign=b79938a26e9288567901ef22b13c525e&t=6aa74145,,6a978f080000000011034831,YBgCCTS6LJNdjPIC_K3X3LLPWkD_gyg1IHsSWX1rOgUH4=,https://www.xiaohongshu.com/explore/6a978f080000000011034831?xsec_token=YBgCCTS6LJNdjPIC_K3X3LLPWkD_gyg1IHsSWX1rOgUH4=&xsec_source=app_note
2026-09-05,DELF备考,DELF备考，刷真题就行？,嗨，大家好呀，我是法语吕老师。今天我有一些时间和大家谈谈DELF备考的话题，目前带的学生很多都是暑假就来找我开始备考了,41,16,19,1,图文,,https://sns-na-i11.xhscdn.com/notes_pre_post/1040g3k8324nmpgc0nkeg400ad81on3b8pl4pou8?imageView2/2/w/1440/format/webp&ap=5&sc=SRH_DTL&sign=d95c84ee5c03471ba9ffd4091999015e&t=6aa74145,,6a9bab93000000002b001dd9,YBmIKz-yMgtZ7hbkEBj9mgpxFqYU8sopRr-bmE8IpWfTg=,https://www.xiaohongshu.com/explore/6a9bab93000000002b001dd9?xsec_token=YBmIKz-yMgtZ7hbkEBj9mgpxFqYU8sopRr-bmE8IpWfTg=&xsec_source=app_note
2026-05-25,DELF备考,自学法语一年，作文靠这套模板稳稳上分,学法语谁懂啊😭 背了不少词汇，写作文却无从下笔🥀 逻辑散乱、句式生硬，在写作上总栽跟头丢分 无数次的试错，最后终于摸,43,59,13,11,图文,,https://sns-na-i11.xhscdn.com/notes_pre_post/1040g3k8320j9b8kr5m605q56p706apa58u8pug0?imageView2/2/w/1440/format/webp&ap=5&sc=SRH_DTL&sign=39cb2e85705115a7df6160732ce466dd&t=6aa74145,,6a1411a5000000003601f70d,YBHKi9f_P5xqzMsZm1MGp5ffSokc5yQtk03Oh43mdpoD0=,https://www.xiaohongshu.com/explore/6a1411a5000000003601f70d?xsec_token=YBHKi9f_P5xqzMsZm1MGp5ffSokc5yQtk03Oh43mdpoD0=&xsec_source=app_note
2026-08-14,DELF备考,不到一年纯自学51分擦线过Delf B1的教程（？）,哈哈哈哈哈哈有人需要51分的教程吗。。。 我英语底子特别普通，六级五百出头。 如果你的英语特别差，连基础从句、基础语法都,38,31,7,0,图文,,https://sns-na-i11.xhscdn.com/notes_pre_post/1040g3k0323rgcf3170005q40m8f7am3cocjmoko?imageView2/2/w/1440/format/webp&ap=5&sc=SRH_DTL&sign=310a980fdc101f0e5f9e7f23362a2867&t=6aa74145,,6a7ecdab000000002102337d,YB_xB0NFqYsiB8Gsk7tVijqqNNTZlocpPwAJPcjr2My0Y=,https://www.xiaohongshu.com/explore/6a7ecdab000000002102337d?xsec_token=YB_xB0NFqYsiB8Gsk7tVijqqNNTZlocpPwAJPcjr2My0Y=&xsec_source=app_note
2026-08-01,DELF备考,基础自学法语2年｜我终于拿到DELF B2✨,刚开始学法语时，我其实很多次想放弃。经历过雅思备考那段时间后，我对“学习”有点排斥，所以一开始只是玩玩多邻国。但是我连最,36,14,6,0,图文,,https://sns-na-i11.xhscdn.com/notes_pre_post/1040g3k0323b1ojs8n43g49c92fv6ofabrl39j20?imageView2/2/w/1440/format/webp&ap=5&sc=SRH_DTL&sign=330e5f8b6848fe884ae664641833a25f&t=6aa74145,,6a6df045000000002c007011,YBkTfqX2p9hTw-sDu2s9Q5Y9-O2cH_eKgohbNamKuSu5M=,https://www.xiaohongshu.com/explore/6a6df045000000002c007011?xsec_token=YBkTfqX2p9hTw-sDu2s9Q5Y9-O2cH_eKgohbNamKuSu5M=&xsec_source=app_note
2026-08-17,DELF备考,Jean的法语极速攻略3:DELF B2核心思路攻略,最近这几篇笔记都是我这几年带同学们备考法语、提等级等的经验总结或者建议。 因为内容都太严肃干货了，所以没有做成视频，这些,36,38,8,5,图文,,https://sns-na-i11.xhscdn.com/notes_pre_post/1040g3k0323vsfsqdga0g5nkud93g9eh0lena7b8?imageView2/2/w/1440/format/webp&ap=5&sc=SRH_DTL&sign=3b99fd2d51279f51bcac08462df40fa8&t=6aa74145,,6a83485a000000002403e8c0,YBwDSsy8BiRnxY0AwuQFrGB0CRiUTj6pZTPqs49AMt7x4=,https://www.xiaohongshu.com/explore/6a83485a000000002403e8c0?xsec_token=YBwDSsy8BiRnxY0AwuQFrGB0CRiUTj6pZTPqs49AMt7x4=&xsec_source=app_note
2026-08-31,DELF备考,édito系列备考之光,现在在备课 发现一篇讲述角度比较深入的小短文，就在P1分享给大家。 现在有A2、B1、B2日常学习的同学，我们日常课都在,37,12,8,1,图文,,https://sns-na-i11.xhscdn.com/notes_pre_post/1040g3k0324hc2mb87k005o72shj0bih2cp6f7lg?imageView2/2/w/1440/format/webp&ap=5&sc=SRH_DTL&sign=35f609c26227970eb0b229e6d005a947&t=6aa74145,,6a952f2100000000210313d4,YBtJOC73iTDKCY6gGZIiwhG3nsvDsuKZqMma3PaNuhtXc=,https://www.xiaohongshu.com/explore/6a952f2100000000210313d4?xsec_token=YBtJOC73iTDKCY6gGZIiwhG3nsvDsuKZqMma3PaNuhtXc=&xsec_source=app_note
2026-07-27,DELF备考,DELF / DALF 阅读一个月高分教程,写的时候 有尽量往 【系统性+实操性】去靠 没有采取tips 那种分散结构 内容比较详细 希望对大家有帮助！！ 祝大家逢,34,48,10,3,图文,,https://sns-na-i11.xhscdn.com/notes_pre_post/1040g3k03234i0gpk7o104bekj3lof2cp1u5fvso?imageView2/2/w/1440/format/webp&ap=5&sc=SRH_DTL&sign=c41c1945dfbd0965868a6699e02f44ea&t=6aa74145,,6a674c06000000000301e853,YB5O2usEhF8KywashZboJBmSa6nAhf_PB4LE7gFkJNC9E=,https://www.xiaohongshu.com/explore/6a674c06000000000301e853?xsec_token=YB5O2usEhF8KywashZboJBmSa6nAhf_PB4LE7gFkJNC9E=&xsec_source=app_note
2026-04-14,DELF备考,DELF B1写作-邮件回复类范文,范文说明 结构：先祝贺→回应担忧→分点给出具体例子（自然 / 语言 / 交友 / 住房）→鼓励收尾 #法语DELF #法,32,31,0,7,图文,,https://sns-na-i11.xhscdn.com/spectrum/1040g0k031uu65v1mhm005n3k0iv4kkkp52du258?imageView2/2/w/1440/format/webp&ap=5&sc=SRH_DTL&sign=1ad1843e2be46d06d16632e2e8846d38&t=6aa74145,,69ddb26f00000000210107d2,YBCJY9Dh2V4E9CLM-JH9VlYWU8MHhs2kW5dTcD0BmPdrs=,https://www.xiaohongshu.com/explore/69ddb26f00000000210107d2?xsec_token=YBCJY9Dh2V4E9CLM-JH9VlYWU8MHhs2kW5dTcD0BmPdrs=&xsec_source=app_note
2026-08-27,DELF备考,听力提不上来？12部法语电影看完就稳了,很多宝子想靠看电影提升法语听力， 结果直接点开 B2 难度影片，语速飞快，满屏生词，看个热闹，学不到东西🙅‍♀️ 选片,30,35,3,5,图文,yeon法语大亨,https://sns-na-i11.xhscdn.com/spectrum/1040g0k0324c0artvgs705qkbl7v4s70286alc88?imageView2/2/w/1440/format/webp&ap=5&sc=SRH_DTL&sign=192ed3247fd3da42424aa21e80afc4f7&t=6aa7414d,,6a8fb0b90000000021026ca8,YBDpAxVjihj7Cl9GtlaVAT4FW1RCNOLKWL8zoacJSeI3Q=,https://www.xiaohongshu.com/explore/6a8fb0b90000000021026ca8?xsec_token=YBDpAxVjihj7Cl9GtlaVAT4FW1RCNOLKWL8zoacJSeI3Q=&xsec_source=app_note
2026-07-27,DELF备考,悄悄拿下dalfc1阅读满分,maybe会出攻略（吧） 如果有人想看的话））） 但相信最不需要的就是阅读攻略🤪 #法语 #dalfc1 #小语种,26,3,7,1,图文,辣辣辣辣辣椒油,https://sns-na-i11.xhscdn.com/1040g0083234b7abg7u004a77vdb03gjqd8qc3bo?imageView2/2/w/1440/format/webp&ap=5&sc=SRH_DTL&sign=629f6d0f4232252e55cf3d0f910b1d82&t=6aa7414d,,6a6712de000000000503a785,YBi3jbzYoNxeWjHmIenGrnPGz_cHImeQgdgQCvJhLBl3w=,https://www.xiaohongshu.com/explore/6a6712de000000000503a785?xsec_token=YBi3jbzYoNxeWjHmIenGrnPGz_cHImeQgdgQCvJhLBl3w=&xsec_source=app_note
2026-09-10,DELF备考,法语DELF B2备考｜🎵第六天：差点断更…,倒计时65天: 1️⃣按原计划每天要过六篇听力，但是今天发现要过的八九篇都只有一句话，就直接快速从第六章过到第八章了，然,26,4,13,0,图文,itwillpass,https://sns-na-i11.xhscdn.com/1040g2sg324uga89830f05pj960ehoqe3sd0vgb8?imageView2/2/w/1440/format/webp&ap=5&sc=SRH_DTL&sign=809c850698cb09ef8e83a236ed415169&t=6aa7414d,,6aa2a33e0000000029012504,YBwrmjtjksk4aYhp8T7EdD10mgakq-yFPjd48Xzhlr3sE=,https://www.xiaohongshu.com/explore/6aa2a33e0000000029012504?xsec_token=YBwrmjtjksk4aYhp8T7EdD10mgakq-yFPjd48Xzhlr3sE=&xsec_source=app_note
2026-06-22,DELF备考,法语跟练：C1真题synthèse每日plan练习,一个人学法语总是那么无聊吧？我打算专门开一个帖子作为备考针对性作业帖，陪大家一起练，让各位考生养成一个好的学习习惯，更有,26,9,0,1,图文,大小姐要学习,https://sns-na-i11.xhscdn.com/1040g008321n3p7n87o004a3b83q9ddo308r6s7o?imageView2/2/w/1440/format/webp&ap=5&sc=SRH_DTL&sign=15b036a7879b087e4614a8468855f752&t=6aa7414d,,6a38c6920000000007022301,YBwxdiJlU__JyFeK_QtbTs2twIOk11WRH9WxvkhOphJW0=,https://www.xiaohongshu.com/explore/6a38c6920000000007022301?xsec_token=YBwxdiJlU__JyFeK_QtbTs2twIOk11WRH9WxvkhOphJW0=&xsec_source=app_note
2026-07-30,DELF备考,不愧是法国🇫🇷出版，啃完法语直接B2了,📚《阅读法国 80 篇》 ‍🔥适配 A2-B2 学习者，短文 150-250 词，围绕法国文化主题 ‍🔥建议每日精,25,22,35,2,图文,每日一篇法语精读,https://sns-na-i11.xhscdn.com/notes_pre_post/1040g3k832370p0kr7a605qilrc23nv0041ok880?imageView2/2/w/1440/format/webp&ap=5&sc=SRH_DTL&sign=b2e39631dd60da6bc6c2cb124a34fb33&t=6aa7414d,,6a6aba2f0000000004028348,YBUtYuMGZeuA739QyVCLlWH2rTOtBqIltZQngCqqtgJKM=,https://www.xiaohongshu.com/explore/6a6aba2f0000000004028348?xsec_token=YBUtYuMGZeuA739QyVCLlWH2rTOtBqIltZQngCqqtgJKM=&xsec_source=app_note
2026-09-04,DELF备考,法语B2最不吃天赋的听力备考经验（不外传）,法语B2的听力部分是很多人都害怕的部分，但其实只要掌握了方法，提分也非常快，我就是在一开始做听力的时候感觉到特别难以下手,24,12,0,2,图文,爱吃辣子鸡,https://sns-na-i11.xhscdn.com/1040g008324moo1v7nuc05p1mco3jjsqug48cpu0?imageView2/2/w/1440/format/webp&ap=5&sc=SRH_DTL&sign=a98f42816c246e76f2ba78bd82b9e05d&t=6aa7414d,,6a9ab4de000000002802862e,YBaTIPJX1wZ3cS3pC4gPUKy8xEFIC-feZkrBpK6OOimwo=,https://www.xiaohongshu.com/explore/6a9ab4de000000002802862e?xsec_token=YBaTIPJX1wZ3cS3pC4gPUKy8xEFIC-feZkrBpK6OOimwo=&xsec_source=app_note
2026-04-26,DELF备考,Week2 DELF B2仰卧起坐式备考,#法语 #法语考试 #delfb2法语 #二外法语 #studywithme Week2 在职备考也太难了 每天,23,6,17,1,图文,无关尔,https://sns-na-i11.xhscdn.com/notes_uhdr/1040g3qg31vdnhj3ijm5g49h5b8d0a5enov8ofig?imageView2/2/w/1440/format/webp&ap=5&sc=SRH_DTL&sign=02fe35f5144288bc2896d5548f6cefaf&t=6aa7414d,,69ed9c98000000003502bab0,YB2YZUn5PC8JsMflrBOjx6Cv_BV-Wap4qqJB0pjUKZgwo=,https://www.xiaohongshu.com/explore/69ed9c98000000003502bab0?xsec_token=YB2YZUn5PC8JsMflrBOjx6Cv_BV-Wap4qqJB0pjUKZgwo=&xsec_source=app_note
2026-09-08,DELF备考,法语DELF B2备考｜👽第四天：终于开始刷题,倒计时67天: 1️⃣依旧听力练习，把文本背下来再重复听。今天完成六篇。背的时候让自己尽量跟上原音频的语速，非常之烫嘴,23,5,9,0,图文,itwillpass,https://sns-na-i11.xhscdn.com/1040g2sg324rt7cqf1se05pj960ehoqe3tdoq3vo?imageView2/2/w/1440/format/webp&ap=5&sc=SRH_DTL&sign=d7aa1daca4ffb9f32a3e1b1130bbec71&t=6aa7414d,,6a9ffad100000000120017cd,YBJnAxuLE3L4NL1FmRvqaSkicJo-yKJ6GsBKOQ1egDlbI=,https://www.xiaohongshu.com/explore/6a9ffad100000000120017cd?xsec_token=YBJnAxuLE3L4NL1FmRvqaSkicJo-yKJ6GsBKOQ1egDlbI=&xsec_source=app_note
2026-08-21,DELF备考,掌握方法✨DELF和DALF口语其实没有那么难,LF/DALF 口语到底考什么、怎么拿高分？ 这期把我课程里会讲的口语提分方法总结成3个tips 1. 模块化表达积累,24,14,1,1,视频,Margot小马老师📑,https://sns-na-i11.xhscdn.com/spectrum/1040g34o3244jei7rn4f041e0ln1867c1cvep7bg?imageView2/2/w/1440/format/webp&ap=5&sc=SRH_DTL&sign=2d351d731b25412b2db55ec3f67d693d&t=6aa7414d,,6a881c54000000001702b12f,YBP_IHOPkp5GH9gFdnIY8bP0bz6U4HoNVsCJalDiSM5uM=,https://www.xiaohongshu.com/explore/6a881c54000000001702b12f?xsec_token=YBP_IHOPkp5GH9gFdnIY8bP0bz6U4HoNVsCJalDiSM5uM=&xsec_source=app_note
2026-09-13,DELF备考,法语DELF B2备考｜听力得到史诗级加强,倒计时62天: 1️⃣终于把这一组音频毕业了hhhhh 这一周听力集训特别有效哇，考b1的时候听力只有11分，再加上暑假,23,9,3,0,图文,itwillpass,https://sns-na-i11.xhscdn.com/1040g2sg3252f8dsbju705pkmf0dgud812rfmfn0?imageView2/2/w/1440/format/webp&ap=5&sc=SRH_DTL&sign=da1e9987e751975cc671150d8b78f195&t=6aa7414d,,6aa6bf9e00000000280027c4,YBjNQ7LRmKEKF2-hJWoiiu2DQ7aaosJPmAO_2IRcCRYlc=,https://www.xiaohongshu.com/explore/6aa6bf9e00000000280027c4?xsec_token=YBjNQ7LRmKEKF2-hJWoiiu2DQ7aaosJPmAO_2IRcCRYlc=&xsec_source=app_note
2026-09-10,DELF备考,上海法盟DELF考官说 | 高频避坑破除误区！,口试多用高端词汇一定好？答完所有问题=万事大吉？官方考官权威解答，尽在“上海法盟DELF考官说”系列视频！ . ❓还有更,20,3,0,3,视频,上海法语培训中心,https://sns-na-i11.xhscdn.com/spectrum/1040g34o324u0t43rj2105oc38hhk0rb3bf70p58?imageView2/2/w/1440/format/webp&ap=5&sc=SRH_DTL&sign=14e18490f81965e88683b79c540bd266&t=6aa7414d,,6aa22b1e000000002902c32d,YBwrmjtjksk4aYhp8T7EdD16oASH5VZuKmP-1yDzhN_uI=,https://www.xiaohongshu.com/explore/6aa22b1e000000002902c32d?xsec_token=YBwrmjtjksk4aYhp8T7EdD16oASH5VZuKmP-1yDzhN_uI=&xsec_source=app_note
2026-08-06,DELF备考,半年从A1到C1，法语真的可以速成！,去年11月，我的一个同学找到我的时候，法语只有A1，目标一年后考C1，我们一起规划、学习、练习，半年后的6月场，她成功拿,19,17,1,2,图文,Angele在法国,https://sns-na-i11.xhscdn.com/1040g0083250j6r35ju005od1qb9k1lclbi8gtr0?imageView2/2/w/1440/format/webp&ap=5&sc=SRH_DTL&sign=b72de9994adb0e25ac7e83fbb726963d&t=6aa7414d,,6a74566d0000000022033a26,YBn1APKjil7_QtmOrPtBJIp_nKjX62MRq_Ra272Hxj968=,https://www.xiaohongshu.com/explore/6a74566d0000000022033a26?xsec_token=YBn1APKjil7_QtmOrPtBJIp_nKjX62MRq_Ra272Hxj968=&xsec_source=app_note
2026-09-13,DELF备考,法语新闻稿《Quel conte de fées！》,出处：Aujourd'hui en France · 2026-9-12 · N°9057 作者：Yves Jaeglé,20,17,2,5,图文,Horizons法语,https://sns-na-i11.xhscdn.com/notes_pre_post/1040g3k032525r4fmj2e05ndqn6ug94i3g1tp278?imageView2/2/w/1440/format/webp&ap=5&sc=SRH_DTL&sign=fabfa7fcbac2dae91516efd4def34d11&t=6aa7414d,,6aa668fc0000000012025084,YBjNQ7LRmKEKF2-hJWoiiu2I8MA0Yj47UkdrZmAGKTlIU=,https://www.xiaohongshu.com/explore/6aa668fc0000000012025084?xsec_token=YBjNQ7LRmKEKF2-hJWoiiu2I8MA0Yj47UkdrZmAGKTlIU=&xsec_source=app_note
2026-09-10,DELF备考,DELF/DALF：按得分标准高效备考，一次上案,DELF/DALF备考还在盲目刷题？从官方评分标准拆解备考重点，并附实用网站，考生必读！ 大家准备的是哪个级别的考试,18,17,0,0,图文,乖乖学法语,https://sns-na-i11.xhscdn.com/notes_pre_post/1040g3k0324ukli8nju005nvf471gbgrrqp5cki8?imageView2/2/w/1440/format/webp&ap=5&sc=SRH_DTL&sign=a7d2e3494737cdcaebb95d0e26815367&t=6aa7414d,,6aa2c40c0000000025036c37,YBwrmjtjksk4aYhp8T7EdD12ualu9qwZPgAP-iTGjXrOs=,https://www.xiaohongshu.com/explore/6aa2c40c0000000025036c37?xsec_token=YBwrmjtjksk4aYhp8T7EdD12ualu9qwZPgAP-iTGjXrOs=&xsec_source=app_note
