日期,关键词,标题,正文摘要,点赞,收藏,评论,分享,类型,作者,封面图URL,标签,笔记ID,xsec_token,链接
2026-07-18,法语移民,🇨🇦法语ee是现在性价比最高的移民项目,即将登陆加拿大，我update了一下近况之后，收到了不少关于我如何通过0基础学法语，一年左右就拿到加拿大永居的询问。 个,2114,1915,208,892,图文,echocolate,https://sns-na-i11.xhscdn.com/notes_pre_post/1040g3k8322ofi4k2727g4a0d5mvq7t4k3re320g?imageView2/2/w/1440/format/webp&ap=5&sc=SRH_DTL&sign=19702f3d0092310db72ddc1330ad7a3d&t=6aa5466a,,6a5af2b1000000000f03088c,YBuAMbSi15tABzf3EJ4zxFV3gVOVXy-j7LU36GwuhnIf0=,https://www.xiaohongshu.com/explore/6a5af2b1000000000f03088c?xsec_token=YBuAMbSi15tABzf3EJ4zxFV3gVOVXy-j7LU36GwuhnIf0=&xsec_source=app_note
2026-08-19,法语移民,🇨🇦润还是不润,#加拿大  #加拿大移民  #加拿大生活  #加拿大法语移民  #加拿大工资  #不明白就问  #不懂就问问,1852,1749,1483,351,图文,奶油塔,https://sns-na-i11.xhscdn.com/notes_pre_post/1040g3k83241lbehr6u005qad9jegpr106ghmip0?imageView2/2/w/1440/format/webp&ap=5&sc=SRH_DTL&sign=5865bf1917348e3f37bdc9a23956f567&t=6aa5466a,,6a851857000000003301aef7,YBXhuUbxwKD81TRp93BeII2lrOCzaMGnQ6DiTf3DkFXFM=,https://www.xiaohongshu.com/explore/6a851857000000003301aef7?xsec_token=YBXhuUbxwKD81TRp93BeII2lrOCzaMGnQ6DiTf3DkFXFM=&xsec_source=app_note
2026-04-06,法语移民,看到好几个ip加拿大的网友说这个政策29年之前是没啥问题 29年之后不能保证 那现在开始学法语会不会最后在run这块也发,看到好几个ip加拿大的网友说这个政策29年之前是没啥问题 29年之后不能保证 那现在开始学法语会不会最后在run这块也发,1602,1717,311,259,图文,爱丽丝不想梦游仙境,https://sns-na-i11.xhscdn.com/notes_pre_post/1040g3k831uk3u0k0iae05p0f8e7k4tgqm9buac0?imageView2/2/w/1440/format/webp&ap=5&sc=SRH_DTL&sign=36e55decd73aab856f897b2a8723645d&t=6aa5466a,,69d36423000000002102f75d,YBWl0AumkN31XElb-CAC5Ji2lEN5NHBB9gwctWAL6YMcA=,https://www.xiaohongshu.com/explore/69d36423000000002102f75d?xsec_token=YBWl0AumkN31XElb-CAC5Ji2lEN5NHBB9gwctWAL6YMcA=&xsec_source=app_note
2026-05-31,法语移民,🇨🇦PR｜费脑子学法语，就不费钱包,昨天总结了一下我和伴侣通过自学法语、DIY申请加拿大PR的总花费。只想说一句：劝人学法语，我已经说累了。 🔍先声明：我,1676,1447,252,620,图文,Xueyunnn,https://sns-na-i11.xhscdn.com/1040g2sg320r1ok3062e04a05fn3gkq1d48ec2go?imageView2/2/w/1440/format/webp&ap=5&sc=SRH_DTL&sign=73703e75f262f0e553b69b5fdd906989&t=6aa5466a,,6a1c09760000000036018fb8,YB4OCJkeadgffKs2jSurCcgh5OBwNNRjeLCSRaeYKHaXw=,https://www.xiaohongshu.com/explore/6a1c09760000000036018fb8?xsec_token=YB4OCJkeadgffKs2jSurCcgh5OBwNNRjeLCSRaeYKHaXw=&xsec_source=app_note
2026-08-27,法语移民,3天8万浏览｜法语移民学习经验来了,- - - - - - 通过TCF CA的平均时间大概在一年半左右，具体可分享的经验如下： 语法：学到A2-B1就去备考,1225,1648,53,189,视频,荧光色,https://sns-na-i11.xhscdn.com/1040g2sg324bugubd7a7049qkhihkn2manhqabco?imageView2/2/w/1440/format/webp&ap=5&sc=SRH_DTL&sign=16cf502ebeabad964894a6b4f69825e4&t=6aa5466a,,6a8fc2c7000000002003b440,YBpG-eQE0FQU-KINuh511Jw8EVdfy2qagv_cPvCdGOLIo=,https://www.xiaohongshu.com/explore/6a8fc2c7000000002003b440?xsec_token=YBpG-eQE0FQU-KINuh511Jw8EVdfy2qagv_cPvCdGOLIo=&xsec_source=app_note
2024-12-02,TEF Canada,🇨🇦加拿大TCF Canada有人考过吗,三战听力都没有上CLB7… 太崩溃了，每次都差一点点！ 法语通道不光需要B2 还要四项都到CLB7 也太难了吧！ 自学了,952,1781,80,142,图文,霍李斯楠,https://sns-na-i11.xhscdn.com/1040g2sg31asurs227g704a5amkk0egnm1dhv0uo?imageView2/2/w/1440/format/webp&ap=5&sc=SRH_DTL&sign=83cfeb0c401b1b1a2fd5b848c739dbbb&t=6aa5462c,,674d137a0000000002029985,YBEvDcRXCWtYTWAZw_kbOkyH67hhnXMIE8fgRL5x7GTEs=,https://www.xiaohongshu.com/explore/674d137a0000000002029985?xsec_token=YBEvDcRXCWtYTWAZw_kbOkyH67hhnXMIE8fgRL5x7GTEs=&xsec_source=app_note
2026-02-19,TCF Canada,6个月TCF CanadaB2经验分享,口语tache3，写作Tache1，2怎么准备已写，详情请看其他笔记。已ecopr,994,1677,67,218,图文,znzhhh,https://sns-na-i11.xhscdn.com/spectrum/1040g0k031sobeakm5a005pcap2hoi226gl7ondg?imageView2/2/w/1440/format/webp&ap=5&sc=SRH_DTL&sign=54789c2980e3aeafa507a6899eadf21f&t=6aa54543,,69962f05000000000a0307a3,YBMkEdhObihGdDtfaM5Ix8Uo1nxZMOVkiu4qWTMNxuYdE=,https://www.xiaohongshu.com/explore/69962f05000000000a0307a3?xsec_token=YBMkEdhObihGdDtfaM5Ix8Uo1nxZMOVkiu4qWTMNxuYdE=&xsec_source=app_note
2026-07-23,法语移民,如果打算走法语 EE 通道，第一步到底该怎么开始？ 如果你打算从零开始走这条路，不需要把所有事情同时做。按下面这 5 个,如果打算走法语 EE 通道，第一步到底该怎么开始？ 如果你打算从零开始走这条路，不需要把所有事情同时做。按下面这 5 个,1136,1591,75,274,图文,FrenchToPR 攻略,https://sns-na-i11.xhscdn.com/spectrum/1040g0k0322un0i966u005qg7mjo0ft01agklqn8?imageView2/2/w/1440/format/webp&ap=5&sc=SRH_DTL&sign=7e894b5152005c6c8da6338cdf46fb24&t=6aa5466a,,6a61511c000000000f01d752,YB9tmIUZXIDgCBvTPcAfmYgRO6r83MfmTrE6Or2WqUrSM=,https://www.xiaohongshu.com/explore/6a61511c000000000f01d752?xsec_token=YB9tmIUZXIDgCBvTPcAfmYgRO6r83MfmTrE6Or2WqUrSM=&xsec_source=app_note
2026-08-19,TEF Canada,🇨🇦关于法语通道快速上岸的一些经验分享,最近非常幸运ee被捞上岸了，答应大家的法语学习经验帖来咯[自拍R] — 本人情况：雅思clb9+，法语零基础，没有脱产学,989,1191,60,169,图文,泡泡好好睡觉🎀,https://sns-na-i11.xhscdn.com/oss-ae/notes_pre_post/1040g3v832417hpkvi61g49uttvmed02pm15nji0?imageView2/2/w/1440/format/webp&ap=5&sc=SRH_DTL&sign=a655d5a2700ff05cf7eba69f296d2502&t=6aa5462c,,6a84b256000000000e03c800,YBIJ4qWThL1GEgDfvCwiha4tKv0DLYiDmicW_45wSrHIc=,https://www.xiaohongshu.com/explore/6a84b256000000000e03c800?xsec_token=YBIJ4qWThL1GEgDfvCwiha4tKv0DLYiDmicW_45wSrHIc=&xsec_source=app_note
2026-04-08,法语移民,我终于通过法语走出了山村,刚刚通过法语拿卡了，ee的法语通道，我是法语clb7英语雅思6，本科学历，3年经验。 我可以说是中国人里的印度人故事吧,1946,708,257,560,图文,momo,https://sns-na-i11.xhscdn.com/1040g00831umcvghmhu605ogueq7k1203nv3p968?imageView2/2/w/1440/format/webp&ap=5&sc=SRH_DTL&sign=f2025e57b440f7e819843384093866bc&t=6aa5466a,,69d54520000000002302167a,YBhmD7YG5kT--8-HlvEStUhtU3sWWkMfJIEzapdZw8Fvg=,https://www.xiaohongshu.com/explore/69d54520000000002302167a?xsec_token=YBhmD7YG5kT--8-HlvEStUhtU3sWWkMfJIEzapdZw8Fvg=&xsec_source=app_note
2026-06-07,TEF Canada/TCF备考,TCF Canada｜掏心窝子零基础到B2经验分享,上一篇笔记很多朋友想看我的法语学习经验，这几天写了一篇，请看图2至图5。 先介绍一下我的背景：大约10年前美国留学，托福,761,1202,53,156,图文,Xueyunnn,https://sns-na-i11.xhscdn.com/notes_uhdr/1040g3qg3213v0pn27o004a05fn3gkq1dgvc2q48?imageView2/2/w/1440/format/webp&ap=5&sc=SRH_DTL&sign=2a823b65cc4869b8c20d8b709715728c&t=6aa5462c,,6a252525000000001702eed5,YBj5mnhXd6vYo5-5NONW4mh8V1HK8ZQljUbeQLkvp6OLc=,https://www.xiaohongshu.com/explore/6a252525000000001702eed5?xsec_token=YBj5mnhXd6vYo5-5NONW4mh8V1HK8ZQljUbeQLkvp6OLc=&xsec_source=app_note
2026-07-21,TEF Canada/TCF备考,零基础一年时间攻克TCF Canada 全过程记录,如果你不知道怎么开始，或者卡在某个阶段不知道怎么继续，希望我的记录对你有帮助。原文很长，下载需要时间。#TCFCANAD,770,1005,121,166,图文,劳科蓝Cozyblue,https://sns-na-i11.xhscdn.com/spectrum/1040g34o322svasts6u0g5n7346u4f21vcq4n3mo?imageView2/2/w/1440/format/webp&ap=5&sc=SRH_DTL&sign=57640a7fbe4fd983496b8e993bcaad30&t=6aa5462c,,6a5f8624000000000c016070,YBGDeQtXSrVm9L-t2ncHWI10tJbhZtU-zim0y6DjNQ1b8=,https://www.xiaohongshu.com/explore/6a5f8624000000000c016070?xsec_token=YBGDeQtXSrVm9L-t2ncHWI10tJbhZtU-zim0y6DjNQ1b8=&xsec_source=app_note
2026-04-22,TEF Canada/TCF备考/法语移民,🇨🇦经验贴|从0到法语clb7，9个月备考经历,#Tcfcanada  #法语  #备考经验  #法语移民加拿大  #tcfca  #EE法语通道,611,991,23,131,图文,麦麦,https://sns-na-i11.xhscdn.com/notes_pre_post/1040g3k831v94k2o21m0g5o5d01j09fr8bgn1bf0?imageView2/2/w/1440/format/webp&ap=5&sc=SRH_DTL&sign=70ce5c09d3674a44ac06f0cf89de5b3e&t=6aa5462c,,69e8e909000000001d01afeb,YBiYZgbf1xT3pI5i7FfRpaKq_4r191pPLLoElYmdJL0n4=,https://www.xiaohongshu.com/explore/69e8e909000000001d01afeb?xsec_token=YBiYZgbf1xT3pI5i7FfRpaKq_4r191pPLLoElYmdJL0n4=&xsec_source=app_note
2026-07-15,法语移民,法语零基础到clb7,从小县城到新西兰whv再到加拿大pr。 我走了四年。 终于有时间整理这些了。 因为之前也是从网上很多资源获益很多，所以也,740,820,77,106,图文,丧失的一切必将回返,https://sns-na-i11.xhscdn.com/notes_pre_post/1040g3k0322kke7hgno6g5ns59q809cs8vs82st0?imageView2/2/w/1440/format/webp&ap=5&sc=SRH_DTL&sign=5de4f2a5543f317e15568de0d89b720a&t=6aa5466a,,6a56fc940000000015026017,YB2PjgTdJbzjve0B4iiFnOKWnlyWX8lAUe7Vfo0jxN4fY=,https://www.xiaohongshu.com/explore/6a56fc940000000015026017?xsec_token=YB2PjgTdJbzjve0B4iiFnOKWnlyWX8lAUe7Vfo0jxN4fY=&xsec_source=app_note
2025-04-21,TEF Canada,TCF Canada 和 TEF Canada 的选择建议,首先说结论，除非你是法语大神，否则无论你的目标是CLB7还是CLB9，都应该无脑选择TCF Canada。如果你是模版党,516,750,25,178,图文,Culala在加拿大,https://sns-na-i11.xhscdn.com/1040g00831ggu5q5sj4005ore2rqnqubmmrofb28?imageView2/2/w/1440/format/webp&ap=5&sc=SRH_DTL&sign=5b4c6cfc3779999bda83ed02b9778f90&t=6aa5462c,,68055fc0000000001c02bd5a,YBEzXLyYXVFAFPOr-2klFw-1BTJVSvF_vwA3wV7Wa7BVI=,https://www.xiaohongshu.com/explore/68055fc0000000001c02bd5a?xsec_token=YBEzXLyYXVFAFPOr-2klFw-1BTJVSvF_vwA3wV7Wa7BVI=&xsec_source=app_note
2026-08-25,法语移民,🇨🇦挑战法语ee全网最短登陆期限,今天终于拿回护照了。双人申请，材料简单 完整时间线: 2025.8-2025.11 脱产备考雅思和tcf (以下为加拿大,824,560,126,198,图文,鹈鹕镇紫色内裤批发李姐的闺,https://sns-na-i11.xhscdn.com/1040g2sg3249l63s5gadg5nv0h0t0bkvunlodvvo?imageView2/2/w/1440/format/webp&ap=5&sc=SRH_DTL&sign=58ba406c5740c7c104388eda95121943&t=6aa5466a,,6a8d4b4f000000002802c836,YBuXzMnQWrmdg2YwcHbnkgfVdYSD6tsQz9l8kQaludLX8=,https://www.xiaohongshu.com/explore/6a8d4b4f000000002802c836?xsec_token=YBuXzMnQWrmdg2YwcHbnkgfVdYSD6tsQz9l8kQaludLX8=&xsec_source=app_note
2026-08-01,TCF备考,半年 0基础考出TCF B2（上）,说在开头 本篇适用于想半年快速拿到tcf B2考试成绩的人群 不适用于想能短期实际生活应用程度达到B2的人群 ▪️本人背,559,680,20,84,图文,ecchoo,https://sns-na-i11.xhscdn.com/notes_pre_post/1040g3k8323adtn95n2b04a6q870l9p663gqilcg?imageView2/2/w/1440/format/webp&ap=5&sc=SRH_DTL&sign=7e2fe5669597e177c83289628d415519&t=6aa54648,,6a6d50e1000000002201123c,YBOfSDSOJMBnuMpZs0-N5a8jc9B5qBM9F9D9XeI2vEGqQ=,https://www.xiaohongshu.com/explore/6a6d50e1000000002201123c?xsec_token=YBOfSDSOJMBnuMpZs0-N5a8jc9B5qBM9F9D9XeI2vEGqQ=&xsec_source=app_note
2026-09-01,法语移民,去年清空加拿大回国，今年拿着PR又回来了,去年离开加拿大的时候，我是真的觉得： 好了，这下应该很久都不会回来了。 工签到期，开始卖家具、出闲置、收拾行李。 那段时,1106,364,241,236,图文,一朵风中摇曳的泡面头,https://sns-na-i11.xhscdn.com/oss-ae/notes_pre_post/1040g3v8324j1cgidjo005nldgjbg8f5kb3b0350?imageView2/2/w/1440/format/webp&ap=5&sc=SRH_DTL&sign=d306c9bba94a49c75cb32a914f448d63&t=6aa5466a,,6a96e54b000000000e03c800,YB1fAgcaFxkW-1EWMcC1icfwfHDDtae5df5uEAvOaeXRE=,https://www.xiaohongshu.com/explore/6a96e54b000000000e03c800?xsec_token=YB1fAgcaFxkW-1EWMcC1icfwfHDDtae5df5uEAvOaeXRE=&xsec_source=app_note
2026-04-05,TCF Canada,TCF Canda口语Part2模拟｜租房怎么问？,给大家带来一个TCF CANADA口语模拟训练， 主题是：“租房” - 也是一个日常化且常用的对话， 希望给大家启发和帮,976,384,31,86,视频,法兰西教育workshop,https://sns-na-i11.xhscdn.com/spectrum/1040g0k031ui748tf2s005pgmgu80ubndvtbfp8g?imageView2/2/w/1440/format/webp&ap=5&sc=SRH_DTL&sign=64893fa4e25435215a63898382b04e94&t=6aa54543,,69d17060000000002200caa6,YBmTWjkzEd3UJkhrGHlTlxTmjdG-NHVQ6mc_0iKxdw_RU=,https://www.xiaohongshu.com/explore/69d17060000000002200caa6?xsec_token=YBmTWjkzEd3UJkhrGHlTlxTmjdG-NHVQ6mc_0iKxdw_RU=&xsec_source=app_note
2026-05-20,TCF备考,TCF CA快速刷题方法，实战听、阅精准控分C1,在刚开始刷选择的时候，看到前人分享可以在2周内听、阅刷完2遍，觉得不可思议，因为自己实际操作发现即使只看正确选项，也有很,387,668,93,167,图文,emmmenn,https://sns-na-i11.xhscdn.com/spectrum/1040g34o320pukfvmlc3g5n870u34nnr43oeicq0?imageView2/2/w/1440/format/webp&ap=5&sc=SRH_DTL&sign=f3bb740f4d4dd03869c8791117d6dd35&t=6aa54648,,6a0d8e2a00000000060376e0,YBCcdgNw2ThCNcLo1CyWAZeup3l7d3UQNlEm-7_FPc6Mc=,https://www.xiaohongshu.com/explore/6a0d8e2a00000000060376e0?xsec_token=YBCcdgNw2ThCNcLo1CyWAZeup3l7d3UQNlEm-7_FPc6Mc=&xsec_source=app_note
2026-04-07,法语移民,个人认为目前ym最稳的方式,1️⃣荷兰：我自己拿的荷兰护照，感觉这个确实是最简单的。 荷兰属于“先工作、再身份”的典型国家。 通过合法工作居留（如高,615,497,25,86,图文,Robin,https://sns-na-i11.xhscdn.com/notes_pre_post/1040g3k031qfkoj4q0a6g5poh0sp7c2naugnl1uo?imageView2/2/w/1440/format/webp&ap=5&sc=SRH_DTL&sign=acb62038a3e29e77bcd984bcfcbb2644&t=6aa5466a,,69d4ddac000000002003a9de,YB-e_bkly68yBQ04zFoKE2ieW-eN2v3c59kpXk8v0H2Qk=,https://www.xiaohongshu.com/explore/69d4ddac000000002003a9de?xsec_token=YB-e_bkly68yBQ04zFoKE2ieW-eN2v3c59kpXk8v0H2Qk=&xsec_source=app_note
2026-04-12,法语移民,加拿大EE大改的最新消息,这几天各种EE大改的草案截图满天飞，但来源都不太靠谱，猫哥一直没拿来讨论。cic news出了一篇详细报道，可以来讲讲了,626,364,140,344,图文,猫哥教你说法语,https://sns-na-i11.xhscdn.com/notes_pre_post/1040g3k031uriflqc2s005pk36mnhot2dmmc7aug?imageView2/2/w/1440/format/webp&ap=5&sc=SRH_DTL&sign=50e7b183666d7128518408de3ea1755b&t=6aa5466a,,69db09e7000000002200f305,YBulMrLX6ZRzyQkkl8E8Dqvs6Q4IN_zOkqgW1nCggwEOQ=,https://www.xiaohongshu.com/explore/69db09e7000000002200f305?xsec_token=YBulMrLX6ZRzyQkkl8E8Dqvs6Q4IN_zOkqgW1nCggwEOQ=&xsec_source=app_note
2026-05-13,法语移民,谁懂啊❗️历时1年终于拿到这张卡！附时间线～,终于 终于 终于！！！！！ 作为🇨🇦EE法语通道 境外干捞 这一年来 披荆斩棘 太不容易啦[皱眉R][皱眉R] 拿到,525,332,125,102,图文,小雨走天下,https://sns-na-i11.xhscdn.com/notes_pre_post/1040g3k03203cnt442s004a362ivjf18i1r5o0qg?imageView2/2/w/1440/format/webp&ap=5&sc=SRH_DTL&sign=21f2ae9ca5907bda23cf2bc4d4f4d715&t=6aa5466a,,6a03cacc000000003503ab53,YBMphcbUoYCnf8nHWQLblmzXSkQ8ubcMIsAQ6JGaKmdfc=,https://www.xiaohongshu.com/explore/6a03cacc000000003503ab53?xsec_token=YBMphcbUoYCnf8nHWQLblmzXSkQ8ubcMIsAQ6JGaKmdfc=&xsec_source=app_note
2026-09-07,法语移民,学法语，送pr，真的是真的 2,24年中秋，40岁生日前夕，我收到了ircc大信封。大龄零基础，走的法语通道。 因为那篇帖子，很多人开始关注我。各种咨询,480,339,58,91,图文,中年自救计划,https://sns-na-i11.xhscdn.com/spectrum/1040g0k0324r62qss1s005nd8ejfg86o3n8hdst0?imageView2/2/w/1440/format/webp&ap=5&sc=SRH_DTL&sign=c3d45c8937279f0d556c5c84120e2efc&t=6aa5466a,,6a9e3f450000000012035730,YBRP8n8B9Mr2tpwMCQr7g62wvdIdcHtZYHJNZYZ0kA2hM=,https://www.xiaohongshu.com/explore/6a9e3f450000000012035730?xsec_token=YBRP8n8B9Mr2tpwMCQr7g62wvdIdcHtZYHJNZYZ0kA2hM=&xsec_source=app_note
2026-08-07,TCF备考,半年 0基础考出TCF B2（下）,说在开头 本篇适用于想半年快速拿到tcf B2考试成绩的人群 不适用于想能短期实际生活应用程度达到B2的人群 📍目录,295,426,14,47,图文,ecchoo,https://sns-na-i11.xhscdn.com/notes_pre_post/1040g3k8323imdh9174dg4a6q870l9p66ae83k30?imageView2/2/w/1440/format/webp&ap=5&sc=SRH_DTL&sign=733a9c134bacb3e66b03f4af64b62697&t=6aa54648,,6a75c8af00000000220101c7,YBjgYfevgt_CTbo1lkrzfyBTp9SKtAtQpsnAG3cnUySAg=,https://www.xiaohongshu.com/explore/6a75c8af00000000220101c7?xsec_token=YBjgYfevgt_CTbo1lkrzfyBTp9SKtAtQpsnAG3cnUySAg=&xsec_source=app_note
2026-05-11,法语移民,焦虑到失眠！加拿大移民怎么这么难啊,最近刷加拿大移民刷到失眠，越看越焦虑，感觉自己像个被政策抛弃的小可怜🥺 本来满心欢喜想走 BC 省留学移民，结果刷到,438,350,573,57,图文,一个咪,https://sns-na-i11.xhscdn.com/1040g2sg32013rm05jqj05pp1qv07dm27o2jmtqo?imageView2/2/w/1440/format/webp&ap=5&sc=SRH_DTL&sign=a7e10580cc2118a75068aa0a7593597f&t=6aa5466a,,6a0177320000000006036bb9,YB8DHKJPmNenH3dPSXYjcxbu5tX1v6SFIxhBb-Y0mJzZM=,https://www.xiaohongshu.com/explore/6a0177320000000006036bb9?xsec_token=YB8DHKJPmNenH3dPSXYjcxbu5tX1v6SFIxhBb-Y0mJzZM=&xsec_source=app_note
2026-04-14,法语移民,靠留学定居法国 但我劝普通人别轻易来…,我知道很多朋友关注我可能是看我一路学法语 在法国上学找实习找工作升级打怪… 我也总是分享巴黎生活的美好 主页那些阳光、街,582,257,174,60,图文,🎏hace viento,https://sns-na-i11.xhscdn.com/notes_uhdr/1040g3qg31uur2od3iq005n1a1a9hloci97dgiqo?imageView2/2/w/1440/format/webp&ap=5&sc=SRH_DTL&sign=4ad783c70ed3de1e66d91f682dcdb752&t=6aa5466a,,69de5cef000000001b020b1b,YBndDQkfQg4SwpHU2w8nVjl9bCXPDu3lU7tqlZd4FVXGM=,https://www.xiaohongshu.com/explore/69de5cef000000001b020b1b?xsec_token=YBndDQkfQg4SwpHU2w8nVjl9bCXPDu3lU7tqlZd4FVXGM=&xsec_source=app_note
2026-06-14,TCF Canada/TCF备考,TCF Canada 零基础自学7个月首考B2经验分享,个人经验，欢迎交流#法语  #法语零基础学习  #TCF  #tcfca,310,318,18,39,图文,Jojo,https://sns-na-i11.xhscdn.com/1040g008321crgqdgmu605po3ci07cedg45ad0i8?imageView2/2/w/1440/format/webp&ap=5&sc=SRH_DTL&sign=f12dcc8dc91b5a9405e5b94052a33bb3&t=6aa54543,,6a2e42510000000022020731,YBGGjjRuAI8Ockg71d7wIF1FT0URL2jouMtR5qW2cHank=,https://www.xiaohongshu.com/explore/6a2e42510000000022020731?xsec_token=YBGGjjRuAI8Ockg71d7wIF1FT0URL2jouMtR5qW2cHank=&xsec_source=app_note
2026-08-01,法语移民,什么人适合DIY加拿大EE法语项目？一篇讲清！,如果你符合下面几点，其实适合自己DIY： ✅ 大专及以上学历（学历越高，分数越高） ✅ 至少1年符合要求的全职工作经验,293,321,32,100,图文,嘎嘣脆大香蕉,https://sns-na-i11.xhscdn.com/notes_pre_post/1040g3k0323aqnve9g2e05pnm41mncbdrgm2gmjo?imageView2/2/w/1440/format/webp&ap=5&sc=SRH_DTL&sign=07c7dda378e0eecb5e3a864d9a87b193&t=6aa54672,,6a6de6f0000000000502bbef,YBxMyt-fZSZZjW9z3HQbolrpA87xyTfKxZTrcRj2JP_jw=,https://www.xiaohongshu.com/explore/6a6de6f0000000000502bbef?xsec_token=YBxMyt-fZSZZjW9z3HQbolrpA87xyTfKxZTrcRj2JP_jw=&xsec_source=app_note
2026-08-19,TCF备考,TCF Canada备考工具｜网站篇,口语和写作题库： 1. Réussir：https://reussir-tcfcanada.com 2. Formati,179,370,21,57,图文,没想好起什么名字15566,https://sns-na-i11.xhscdn.com/notes_pre_post/1040g3k83242aft5t7u0g5ogpssm0kc4s4ep3ue0?imageView2/2/w/1440/format/webp&ap=5&sc=SRH_DTL&sign=c16cffbc7030de5895cce1e638976a2d&t=6aa54648,,6a85cb390000000025010a90,YB295syU8ErOrcZuXIJCJOjlE7rVFw-qLX_zZIWjvX2Fg=,https://www.xiaohongshu.com/explore/6a85cb390000000025010a90?xsec_token=YB295syU8ErOrcZuXIJCJOjlE7rVFw-qLX_zZIWjvX2Fg=&xsec_source=app_note
2026-04-15,TCF备考,个人TCF备考经验大傻子版,TCF CA 备考经验 如果有这几个问题以外的疑惑，可以问我。🫡🫡 #法语  #tcfca备考,243,267,58,45,图文,大山楂丸,https://sns-na-i11.xhscdn.com/notes_pre_post/1040g3k031uvikr0hjq0049lton4me69pc4bp9s8?imageView2/2/w/1440/format/webp&ap=5&sc=SRH_DTL&sign=e5a1f3006bd80460a9f0db4b1cf52530&t=6aa54648,,69df22a0000000001a0368ad,YBkl2YclZd9hrsdafhybtCkEyGRn3y1zz-VC-istOyi3E=,https://www.xiaohongshu.com/explore/69df22a0000000001a0368ad?xsec_token=YBkl2YclZd9hrsdafhybtCkEyGRn3y1zz-VC-istOyi3E=&xsec_source=app_note
2026-08-01,法语移民,申请法语 ee，要考到多少分？我告诉你,很多人看到“法语移民”，会以为重点只有法语。但实际大部分中国申请人的策略是： 🇫🇷法语 = 副申语言，强力加分项目,228,263,13,24,图文,嘎嘣脆大香蕉,https://sns-na-i11.xhscdn.com/notes_pre_post/1040g3k0323aqnve9g2eg5pnm41mncbdrqkji5bg?imageView2/2/w/1440/format/webp&ap=5&sc=SRH_DTL&sign=e24249c6f465109cd651b7162474c8cd&t=6aa54672,,6a6dea570000000005030097,YBxMyt-fZSZZjW9z3HQbolrvmCGFEs8tZkHjRJT46jgCI=,https://www.xiaohongshu.com/explore/6a6dea570000000005030097?xsec_token=YBxMyt-fZSZZjW9z3HQbolrvmCGFEs8tZkHjRJT46jgCI=&xsec_source=app_note
2026-04-16,TEF Canada/法语移民,我被捞啦！！加拿大ee法语通道上岸！,“这是真的吗？” 北京时间4.16凌晨12点多，刷到法语通道捞人的消息，感觉像做梦一样。 2025.2月初：了解法语通道,358,184,79,148,图文,麦麦,https://sns-na-i11.xhscdn.com/1040g2sg31v0o81ahise05o5d01j09fr8mildqvo?imageView2/2/w/1440/format/webp&ap=5&sc=SRH_DTL&sign=27e3a63cb8a57d24eab01fa3863efc8a&t=6aa5462c,,69e054a30000000021006fed,YBYKymZoBxN3P7AUnnqLByMTqGmkiNSbreKGEeII7_T3U=,https://www.xiaohongshu.com/explore/69e054a30000000021006fed?xsec_token=YBYKymZoBxN3P7AUnnqLByMTqGmkiNSbreKGEeII7_T3U=&xsec_source=app_note
2026-09-06,TEF Canada/法语移民,学法语狗一样的一年回忆录 劝退帖,一套house的留学成本摆在那，回去也是不甘心，留又留不下，嫁人拿身份这事，主包一辈子抬不起头… 为了PR学法语，从零基,258,234,31,34,图文,一朵风中摇曳的泡面头,https://sns-na-i11.xhscdn.com/oss-ae/notes_pre_post/1040g3v8324osq61vj8305nldgjbg8f5kkbkr45g?imageView2/2/w/1440/format/webp&ap=5&sc=SRH_DTL&sign=1ce85148544f5ca524d962f50b468c63&t=6aa5462c,,6a9ce3a7000000000e03f000,YBlpU2Gm_alx2bg7EDSvqKbwhue_KrNrDuFpx6-hLi8O0=,https://www.xiaohongshu.com/explore/6a9ce3a7000000000e03f000?xsec_token=YBlpU2Gm_alx2bg7EDSvqKbwhue_KrNrDuFpx6-hLi8O0=&xsec_source=app_note
2026-08-16,法语移民,学法语的山里人，超酷的好吗,没有学法语的这段刻骨铭心的心路历程，就没有小红书上全世界这么多关心我的朋友。 更是体验了一把博主专属“被催更”的快乐,373,174,27,26,图文,momo,https://sns-na-i11.xhscdn.com/notes_pre_post/1040g3k0323tootcgn4005ogueq7k120331m9fm0?imageView2/2/w/1440/format/webp&ap=5&sc=SRH_DTL&sign=3d2bf9d6be1fa28df15751b0915c5811&t=6aa5466a,,6a81268a0000000025003d46,YBlBDRUrfYfdsyEiwBlZf8m9uSFMfYl7B1kbHdaATqASA=,https://www.xiaohongshu.com/explore/6a81268a0000000025003d46?xsec_token=YBlBDRUrfYfdsyEiwBlZf8m9uSFMfYl7B1kbHdaATqASA=&xsec_source=app_note
2026-06-14,法语移民,详细讲下加拿大EE法语永居通道,猫哥不定期发扫盲文，帮大家减少信息差 学法语就能拿加拿大PR？还能纯海外申请？为什么会有这个通道？ 作为加拿大文化的重要,260,216,10,60,图文,猫哥教你说法语,https://sns-na-i11.xhscdn.com/notes_pre_post/1040g3k0321cn4j5pms0g5pk36mnhot2delifg48?imageView2/2/w/1440/format/webp&ap=5&sc=SRH_DTL&sign=9c8a497c90eac924cebd28f100364e40&t=6aa54672,,6a2e25ba000000002201939f,YBv5Rz7iEOgcvxeIfU5Tnyq9qtQGNANLcrbCl3kFz9vsE=,https://www.xiaohongshu.com/explore/6a2e25ba000000002201939f?xsec_token=YBv5Rz7iEOgcvxeIfU5Tnyq9qtQGNANLcrbCl3kFz9vsE=&xsec_source=app_note
2026-06-15,法语移民,30岁重启人生，我决定学法语移民加拿大了,之前去的国家也不多，我总想着去别的国家看看。过完30岁生日的这天，父母的支持下裸辞了（真的好爱我爸妈，感恩）。在机构报名,326,170,145,56,图文,7仔QQ糖,https://sns-na-i11.xhscdn.com/note_pre_post_uhdr/1040g3r8321eh2m6b7o7041o4ta1phpruioct6lg?imageView2/2/w/1440/format/webp&ap=5&sc=SRH_DTL&sign=1c3fc3753f237a653d25dce6bb1143ab&t=6aa54672,,6a2ff6a100000000070116b6,YBNxTsgiEkKVXyNtjgTcGeqxZ9Jd4Q7yPjnCXwHhQG4ZI=,https://www.xiaohongshu.com/explore/6a2ff6a100000000070116b6?xsec_token=YBNxTsgiEkKVXyNtjgTcGeqxZ9Jd4Q7yPjnCXwHhQG4ZI=&xsec_source=app_note
2026-06-19,TCF Canada,TCFCanada高分表达② Qu'en est-il de...,上一期我们讲： J'aimerais savoir si... 负责开口。 这一期讲： Qu'en est-il de,267,196,6,19,视频,晓行枫叶路🍁,https://sns-na-i11.xhscdn.com/spectrum/1040g34o321j81e7bmu00401e7mg9m43qj0a3coo?imageView2/2/w/1440/format/webp&ap=5&sc=SRH_DTL&sign=7698ad30d614812f4438dddebbd00eac&t=6aa54543,,6a34cbd6000000001102f224,YBovGwRzXZednN5yb0oXTyZ5egYBP922c1MUHZpvX2mrs=,https://www.xiaohongshu.com/explore/6a34cbd6000000001102f224?xsec_token=YBovGwRzXZednN5yb0oXTyZ5egYBP922c1MUHZpvX2mrs=&xsec_source=app_note
2026-06-02,法语移民,25岁取得加拿大PR，我只用了4个月,今天，大信封到手了。 25岁，拿下PR。 在我家乡上海，有句话：「做事体勿怕勿成功，只怕呒没长心。」 这份长心，让我从多,302,163,71,73,图文,雨暘,https://sns-na-i11.xhscdn.com/notes_pre_post/1040g3k8320toe8cv7acg5pli2dlnc7939uk1l2o?imageView2/2/w/1440/format/webp&ap=5&sc=SRH_DTL&sign=e2397f8c5bb7f8ebe4749e9d2e66c05d&t=6aa54672,,6a1ecaa2000000003701da6c,YBkBeaY5_POam0LH_JHBkD_PD9BSLAEPXbQtxQFhLb41o=,https://www.xiaohongshu.com/explore/6a1ecaa2000000003701da6c?xsec_token=YBkBeaY5_POam0LH_JHBkD_PD9BSLAEPXbQtxQFhLb41o=&xsec_source=app_note
2025-09-22,TEF Canada,9个月2000小时，拿下TCF四个C2，口写18分,@詹晨法语教育科技有限公司 @ja老师不是贾老师 第二页有个笔误哈，4个C2，感谢各位老师的指导。很荣幸遇见你们！#TC,175,226,31,67,图文,Scarlett,https://sns-na-i11.xhscdn.com/notes_pre_post/1040g3k031mnfl2gjlm605n9q86b4bkrs3rbd4l8?imageView2/2/w/1440/format/webp&ap=5&sc=SRH_DTL&sign=259bef9eb2497a475e29c767456097fa&t=6aa5462c,,68d0b453000000000e021c35,YB9taxlfURKd0O1941fENUOe3e32x97adnwNeyHabDtb8=,https://www.xiaohongshu.com/explore/68d0b453000000000e021c35?xsec_token=YB9taxlfURKd0O1941fENUOe3e32x97adnwNeyHabDtb8=&xsec_source=app_note
2026-08-19,TCF备考,（一）tcf报名考位和刷题题库,上一篇写了大致时间线和备考的大框架 接下来几篇说点漏掉的细节 关于考位 有两个地方可以报，af法盟和gb。 建议先报af,177,218,18,28,图文,momo,https://sns-na-i11.xhscdn.com/oss-sg/notes/1040g3l032415sceij24g5qh1u50jej00ild8om8?imageView2/2/w/1440/format/webp&ap=5&sc=SRH_DTL&sign=a5c20621104ef1d92895bedaef4c1e99&t=6aa54648,,6a84b5270000000008009c00,YBlDKmxvhfGV7mdQGTwJtkPUoeTEvvEaYVw8VNyXTHgUk=,https://www.xiaohongshu.com/explore/6a84b5270000000008009c00?xsec_token=YBlDKmxvhfGV7mdQGTwJtkPUoeTEvvEaYVw8VNyXTHgUk=&xsec_source=app_note
2026-03-28,TCF备考,TCF 写作两次17分的模版分享-T3（五）,今天继续更新TCF第三篇写作任务——T3的备考方法。 在我备考过程中，我认为T3的写作是相对来来说最轻松的，这部分的分值,146,232,18,62,图文,涛的法语漫谈,https://sns-na-i11.xhscdn.com/1040g2sg31u83luq6iqd05prrmiil68of7d91kjg?imageView2/2/w/1440/format/webp&ap=5&sc=SRH_DTL&sign=64bf4e5de0c413556f1f0d2ad7ed4bdf&t=6aa54648,,69c7172c000000001a029e6b,YBUFoiEOVvLEOXcFYTgX7eF1Zb6dAP5wMMN9gR3FE_ceY=,https://www.xiaohongshu.com/explore/69c7172c000000001a029e6b?xsec_token=YBUFoiEOVvLEOXcFYTgX7eF1Zb6dAP5wMMN9gR3FE_ceY=&xsec_source=app_note
2026-06-07,法语移民,打破信息差的能力和执行力是我最宝贵的财富,"昨天终于拿到了加拿大copr,算是完结了最近一年给自己定的一个大项目。 回头看过去十年自己一路求学求职的经历，发现支持我",327,141,47,51,图文,echocolate,https://sns-na-i11.xhscdn.com/notes_pre_post/1040g3k83213of7lan0704a0d5mvq7t4k18oi3b0?imageView2/2/w/1440/format/webp&ap=5&sc=SRH_DTL&sign=a235161fecb7d4ff8771078ff2d6eb73&t=6aa54672,,6a24f60e000000002202f353,YBonRni8NwCYMhrQLnfSXQrea38wBept3Kw-eWMuPRTzo=,https://www.xiaohongshu.com/explore/6a24f60e000000002202f353?xsec_token=YBonRni8NwCYMhrQLnfSXQrea38wBept3Kw-eWMuPRTzo=&xsec_source=app_note
2026-09-07,法语移民,38岁，一家四口，我决定从日本二润加拿大,38岁，两个孩子，在日本生活三年后，我又准备折腾了。 这一次，目标是加拿大🇨🇦。 这些年从国内来到日本，工作、做生意,337,135,413,118,图文,草莓和小花,https://sns-na-i11.xhscdn.com/oss-sg/notes_pre_post/1040g3mo324p0pbu1j61g5nvkci408qmveutbt38?imageView2/2/w/1440/format/webp&ap=5&sc=SRH_DTL&sign=d077b907bdd56936ed90c6208ade0b30&t=6aa5466a,,6a9e22ea0000000019027800,YBRP8n8B9Mr2tpwMCQr7g621D1ve8MQfPHq3_p3wySsPA=,https://www.xiaohongshu.com/explore/6a9e22ea0000000019027800?xsec_token=YBRP8n8B9Mr2tpwMCQr7g621D1ve8MQfPHq3_p3wySsPA=&xsec_source=app_note
2026-09-09,法语移民,🇨🇦登陆温哥华43天，终于收到我的枫叶卡,- 我走的是EE FSW法语通道， 分享完整时间线： 2025.2 开始零基础学法语 2025.12.28 英语出分CL,293,156,48,168,图文,麦麦,https://sns-na-i11.xhscdn.com/notes_pre_post/1040g3k0324ss2sc12s5g5o5d01j09fr82nqe3ug?imageView2/2/w/1440/format/webp&ap=5&sc=SRH_DTL&sign=23c6b833eec7d133ba8204216ec094f3&t=6aa54672,,6aa0f6f50000000028035acd,YBlT7uiTpyFX5JeHMxYfcitJyP_Rzrg5nfoVRA6k8sMqg=,https://www.xiaohongshu.com/explore/6aa0f6f50000000028035acd?xsec_token=YBlT7uiTpyFX5JeHMxYfcitJyP_Rzrg5nfoVRA6k8sMqg=&xsec_source=app_note
2026-07-27,法语移民,法语的含金量还在上升,自五月底首考TCF Canada， 六月一日收到首考高分通过的成绩单。 六月中旬开始更新简历，准备找工作。已经做好投递,320,126,33,41,图文,北纬46度生活,https://sns-na-i11.xhscdn.com/notes_pre_post/1040g3k83233mcsb570705n32oankc1j94ahdtd8?imageView2/2/w/1440/format/webp&ap=5&sc=SRH_DTL&sign=78baba78276ecea72982c717f23f3b99&t=6aa54672,,6a6669d60000000022018091,YBKlW9GrlDsZgsZgYwiEx3cAHf2esC0qlz3nZgIypJ6dM=,https://www.xiaohongshu.com/explore/6a6669d60000000022018091?xsec_token=YBKlW9GrlDsZgsZgYwiEx3cAHf2esC0qlz3nZgIypJ6dM=&xsec_source=app_note
2026-07-11,法语移民,30岁重启人生，我用6个月换了张🇨🇦枫叶卡,2017年澳洲留学，2020年毕业。 北京一年半，上海两年半。 30岁那年，我决定重新开始。 不是为了升职加薪，不是为了,274,146,76,81,图文,Gigi在温哥华🍁,https://sns-na-i11.xhscdn.com/notes_pre_post/1040g3k8322fj512j7k7049j9j2hdg4a2p1i9etg?imageView2/2/w/1440/format/webp&ap=5&sc=SRH_DTL&sign=18579b5fda601c3ef5ec3e98497a96e6&t=6aa54672,,6a51d3b200000000210159ff,YB7eXMa18KIedVSZegECepP9H1BH6c-xlmq7C2GTfR3zQ=,https://www.xiaohongshu.com/explore/6a51d3b200000000210159ff?xsec_token=YB7eXMa18KIedVSZegECepP9H1BH6c-xlmq7C2GTfR3zQ=&xsec_source=app_note
2026-04-26,法语移民,加拿大EE法语通道的最低要求,虽然很多同学对于EE法语通道的要求已经背得滚瓜烂熟了，但是最近发现信息差的鸿沟还是太大了，所以猫哥再来说说这个话题,202,179,16,40,图文,猫哥教你说法语,https://sns-na-i11.xhscdn.com/notes_pre_post/1040g3k831vdk1ppfhm8g5pk36mnhot2degc1o30?imageView2/2/w/1440/format/webp&ap=5&sc=SRH_DTL&sign=f6ee6962c5f9da613d33469bd3e185cf&t=6aa54672,,69ed85680000000035022f66,YBpjh9QDyhIwKUcIFxCsY6ChrESv25l9g9G4dbDUM-vDY=,https://www.xiaohongshu.com/explore/69ed85680000000035022f66?xsec_token=YBpjh9QDyhIwKUcIFxCsY6ChrESv25l9g9G4dbDUM-vDY=&xsec_source=app_note
2026-06-29,法语移民,学法语拿加拿大永居：如何规划路线,离猫哥第一次写EE法语路线的文章已经过去两年了，IRCC整体策略发生了不少改动 目前的抽分也跟两年多前不同了，EE法语的,209,170,18,45,图文,猫哥教你说法语,https://sns-na-i11.xhscdn.com/notes_pre_post/1040g3k83220177j9n47g5pk36mnhot2dsh5rteo?imageView2/2/w/1440/format/webp&ap=5&sc=SRH_DTL&sign=c4d1596375a0afbccfd25d1cc65bf612&t=6aa54672,,6a41e64c000000002201b7d3,YB60QaaIp9ekMSSSQup89I7fl8x7Rf4u5ds1eh0F48TD8=,https://www.xiaohongshu.com/explore/6a41e64c000000002201b7d3?xsec_token=YB60QaaIp9ekMSSSQup89I7fl8x7Rf4u5ds1eh0F48TD8=&xsec_source=app_note
2026-09-08,法语移民,11w人看过的后续以及自己的感想,我本人是一个三分钟热度的人 想法很多，实行很快，但是不太容易坚持下来 我现在24岁，在北京税后月入3w左右 说实话这份工,249,147,245,28,图文,奶油塔,https://sns-na-i11.xhscdn.com/notes_pre_post/1040g3k0324rsmr0b1o005qad9jegpr1096j964g?imageView2/2/w/1440/format/webp&ap=5&sc=SRH_DTL&sign=1bf9ac8f26b1137ecb8c332a43542c70&t=6aa54672,,6a9ff8b8000000001103a6ca,YBBt4DDFgud1slvok33g0wHc96PslK4k_4vljDJ3dHOiM=,https://www.xiaohongshu.com/explore/6a9ff8b8000000001103a6ca?xsec_token=YBBt4DDFgud1slvok33g0wHc96PslK4k_4vljDJ3dHOiM=&xsec_source=app_note
2024-05-20,TEF Canada,TEF Canada首考上岸经验分享（二）,今天先回应上篇评论区的几个问题： 1. 关于自学和报班 我在整个学习阶段都是自学，只有在备考阶段上过1对1的口语课,126,207,24,16,图文,Courir au Canada,https://sns-na-i11.xhscdn.com/1040g2sg3130a0t856qd05phh9f70u90dekveml0?imageView2/2/w/1440/format/webp&ap=5&sc=SRH_DTL&sign=b2ba51f1866f0ef90368abac647056ae&t=6aa5462c,,664a5bc8000000001401a9a1,YBUEJnDE_4nVo5FsKxz_Dx0rBqd0CdgEzrFwHkz7tnY44=,https://www.xiaohongshu.com/explore/664a5bc8000000001401a9a1?xsec_token=YBUEJnDE_4nVo5FsKxz_Dx0rBqd0CdgEzrFwHkz7tnY44=&xsec_source=app_note
2026-06-02,法语移民,加拿大EE法语通道的门槛要求,猫哥随机扫盲时段 虽然很多同学对EE法语的入池要求非常清楚了，但近期跟很多新同学交流还是发现信息差太大了，所以今天再来补,182,169,12,50,图文,猫哥教你说法语,https://sns-na-i11.xhscdn.com/notes_pre_post/1040g3k8320t9edhu74705pk36mnhot2daro20rg?imageView2/2/w/1440/format/webp&ap=5&sc=SRH_DTL&sign=e9ab9c56635aff85b680cf129599cea4&t=6aa54672,,6a1e5084000000002202fe59,YBkBeaY5_POam0LH_JHBkD_H7x5ESm3j8ocPWU823v-04=,https://www.xiaohongshu.com/explore/6a1e5084000000002202fe59?xsec_token=YBkBeaY5_POam0LH_JHBkD_H7x5ESm3j8ocPWU823v-04=&xsec_source=app_note
2026-08-06,法语移民,加拿大EE将大改，EE法语通道的前景如何,IRCC前几个月发了对于新EE体系的公开问询，根据前几年的规律来看，敢发大纲草稿了，就说明IRCC内部已经拍板了 今年秋,224,144,22,63,图文,猫哥教你说法语,https://sns-na-i11.xhscdn.com/notes_pre_post/1040g3k8323gurcd8n4l05pk36mnhot2de4uu12g?imageView2/2/w/1440/format/webp&ap=5&sc=SRH_DTL&sign=699a54bc735e2aa97d3006202e96970c&t=6aa54672,,6a74008c00000000260349a8,YB2tp7X-SBQVeaNCY4ECZOSVNDAV49DJsCfP58hfGK0dg=,https://www.xiaohongshu.com/explore/6a74008c00000000260349a8?xsec_token=YB2tp7X-SBQVeaNCY4ECZOSVNDAV49DJsCfP58hfGK0dg=&xsec_source=app_note
2026-08-07,法语移民,跌到391分，EE法语8月6日再次大抽,不知道是为了提前达到法语移民12%的目标，还是IRCC想重申对其法语通道的重视，IRCC今天再再再次进行了EE法语大抽,255,114,45,221,图文,猫哥教你说法语,https://sns-na-i11.xhscdn.com/1040g2sg323hmmj8r74705pk36mnhot2dr4jchs0?imageView2/2/w/1440/format/webp&ap=5&sc=SRH_DTL&sign=625a01ab515fb50c14369e7bdf4da61f&t=6aa54672,,6a74c17a0000000021022e19,YB2tp7X-SBQVeaNCY4ECZOSTfasUeeBKxfqFyZrMYDIH4=,https://www.xiaohongshu.com/explore/6a74c17a0000000021022e19?xsec_token=YB2tp7X-SBQVeaNCY4ECZOSTfasUeeBKxfqFyZrMYDIH4=&xsec_source=app_note
2026-08-23,TCF备考,TCF备考用什么刷题？,发现刷题的网站特别特别多，不是不知道用什么而是选择太多不知道用哪个了。 bontcf 免费试用了三天，不充钱不能刷题，不,122,179,10,20,图文,最棒的人有点疯,https://sns-na-i11.xhscdn.com/notes_pre_post/1040g3k032476ki68nu005ntufos0bt47k5ac4so?imageView2/2/w/1440/format/webp&ap=5&sc=SRH_DTL&sign=03a6e8df3a6e6e35134803a6c1ceb74e&t=6aa54648,,6a8aca72000000003800179d,YBzKW4IxYTzrKodrFg60IZQS55nfYRq1HEwg10BZsmqZ4=,https://www.xiaohongshu.com/explore/6a8aca72000000003800179d?xsec_token=YBzKW4IxYTzrKodrFg60IZQS55nfYRq1HEwg10BZsmqZ4=&xsec_source=app_note
2026-08-01,TEF Canada,考过了TCF CA，我的法语开始起步,大家考了几次tcf Ca，我考了4次，今天收到成绩，很感慨，口语10写作14，实际上我并没想过这次不过，因为越来越有感觉,152,156,143,30,图文,Cynthia萝卜,https://sns-na-i11.xhscdn.com/1040g008323aiejea725g5pkr6eh94d85l6d0hno?imageView2/2/w/1440/format/webp&ap=5&sc=SRH_DTL&sign=b79f33673a90762cd0bc630174f87fa8&t=6aa5462c,,6a6d805a0000000025001e69,YBZsBqlvjdyJFdYA7OYU9kj-YepGXWwLt6wN8f_VU7v6o=,https://www.xiaohongshu.com/explore/6a6d805a0000000025001e69?xsec_token=YBZsBqlvjdyJFdYA7OYU9kj-YepGXWwLt6wN8f_VU7v6o=&xsec_source=app_note
2026-08-23,TEF Canada,法语别背了，先把“我”说顺,我发现法语初学最容易干的一件蠢事： 背了一堆动词， 真要开口的时候还是一句都蹦不出来🙂 这页反而很适合直接跟读。 Je,169,146,3,19,视频,MAXNote学外语,https://sns-na-i11.xhscdn.com/spectrum/1040g34o3246vmhfhgs105qad0apdp8nnohk9t2g?imageView2/2/w/1440/format/webp&ap=5&sc=SRH_DTL&sign=5207fcdebb331a85a2cb405c1ff40755&t=6aa5462c,,6a8a8c120000000017001a3e,YBpGgKbBuVxJS6ntughZb9ip3r9EPJhn8X7YdTOaYdZN8=,https://www.xiaohongshu.com/explore/6a8a8c120000000017001a3e?xsec_token=YBpGgKbBuVxJS6ntughZb9ip3r9EPJhn8X7YdTOaYdZN8=&xsec_source=app_note
2026-08-02,法语移民,详细说下加拿大的EE法语永居通道,猫哥扫盲贴第N篇，扫平一切信息差 只要学法语就能直接拿加拿大PR？为什么会设立这个通道？考语言就能拿身份，是不是太过于美,195,132,14,46,图文,猫哥教你说法语,https://sns-na-i11.xhscdn.com/notes_pre_post/1040g3k0323br302o6u105pk36mnhot2d84i0hso?imageView2/2/w/1440/format/webp&ap=5&sc=SRH_DTL&sign=ba336d8beb7cfa8552c5891e434f58aa&t=6aa54672,,6a6ec0b4000000002603505d,YBwmkuyvCJrRRXKHNK0JpeHHc_JP6q7h_mSrAisZvMNI4=,https://www.xiaohongshu.com/explore/6a6ec0b4000000002603505d?xsec_token=YBwmkuyvCJrRRXKHNK0JpeHHc_JP6q7h_mSrAisZvMNI4=&xsec_source=app_note
2026-08-08,TEF Canada/TCF备考,一个月速通tcf canada,[放大镜R]复习时长一个月，上课时长两年半。在北京法盟上了B1 B2的周末班和超强化，大概有600个小时，法盟师资靠谱,104,156,16,31,图文,弘,https://sns-na-i11.xhscdn.com/notes_pre_post/1040g3k0323jmhaq0nu1049hmkl3f8sgs0lrnt70?imageView2/2/w/1440/format/webp&ap=5&sc=SRH_DTL&sign=ef6462ed3d476afb2d7b53186a6f4ff3&t=6aa5462c,,6a76d7820000000005033c56,YBkGUjVeFLsl3Lhfa97Fy9q7XbN4uJ7d6Q963HdonTtLI=,https://www.xiaohongshu.com/explore/6a76d7820000000005033c56?xsec_token=YBkGUjVeFLsl3Lhfa97Fy9q7XbN4uJ7d6Q963HdonTtLI=&xsec_source=app_note
2026-04-09,法语移民,EE通道迎来大变，EE法语何去何从,今天IRCC发布了一个比较重要的声明，要把CEC、FSW、FST整个到单个统一通道里面去，消息比较雷人，所以各种焦虑小帖,184,109,50,65,图文,猫哥教你说法语,https://sns-na-i11.xhscdn.com/notes_pre_post/1040g3k831unnpcu22s005pk36mnhot2djnignf0?imageView2/2/w/1440/format/webp&ap=5&sc=SRH_DTL&sign=48ff6a765e277bc20aa700833ca74b7e&t=6aa54672,,69d717dd000000002302393d,YBFdLkT_BY27VruE1ZzmHQNRDlw-Tfe2VLxmTjtJ6WJlI=,https://www.xiaohongshu.com/explore/69d717dd000000002302393d?xsec_token=YBFdLkT_BY27VruE1ZzmHQNRDlw-Tfe2VLxmTjtJ6WJlI=&xsec_source=app_note
2022-11-10,TEF Canada,tef canada section A 写作攻略（收藏备用）,❓写什么？ faits divers – 社会杂闻 （新闻报道） ❓怎么写？ ✍️ narratif – 记叙语气,89,155,4,18,图文,漫游法语,https://sns-na-i11.xhscdn.com/0302ba01kun0z9o1wui011bua8s0u5i0e0?imageView2/2/w/1440/format/webp&ap=5&sc=SRH_DTL&sign=7282ae9350442b196a191d7e8e67fa21&t=6aa54636,,636d08640000000024013e21,YBXqGplUIeHOSKWbWM4zJYC2sR-QLu1tx0-K7oRbiHUEo=,https://www.xiaohongshu.com/explore/636d08640000000024013e21?xsec_token=YBXqGplUIeHOSKWbWM4zJYC2sR-QLu1tx0-K7oRbiHUEo=&xsec_source=app_note
2026-04-09,TEF Canada,tcfcanada12分钟口语考试现场模拟,#tcfca  #ee法语  #tcfcanada  #法语  #加拿大法语  #ee法语加分  #ee法语定向  #t,119,135,3,31,视频,雷雷六（在职加拿大法语B2版）,https://sns-na-i11.xhscdn.com/1040g2sg31unlhjkihme05pcbjjn83v8l7km29u0?imageView2/2/w/1440/format/webp&ap=5&sc=SRH_DTL&sign=076def1123ee5703d55ba853cd3827df&t=6aa5462c,,69d70641000000002302165f,YB122E4jPSQVHzZpwc_WWdG-FtWjnAV6lyPear9yUA1kM=,https://www.xiaohongshu.com/explore/69d70641000000002302165f?xsec_token=YB122E4jPSQVHzZpwc_WWdG-FtWjnAV6lyPear9yUA1kM=&xsec_source=app_note
2026-04-25,法语移民,别慌！取消加分对法语通道其实是利好！,最近 IRCC 公布了 Express Entry 改革的公众咨询，其中提到可能取消 CRS 里的法语额外加分（目前,119,125,67,46,图文,学法语的艾拉,https://sns-na-i11.xhscdn.com/notes_pre_post/1040g3k031vcupt172q705pts34ejjld2326s4b0?imageView2/2/w/1440/format/webp&ap=5&sc=SRH_DTL&sign=4e011ad2137bd436ddc968b79681b914&t=6aa54677,,69ecd173000000001f0070ef,YBStizHXjPfZ1qG0YBG4ape1KGU6LM2Tb0gC3P715xCbc=,https://www.xiaohongshu.com/explore/69ecd173000000001f0070ef?xsec_token=YBStizHXjPfZ1qG0YBG4ape1KGU6LM2Tb0gC3P715xCbc=&xsec_source=app_note
2025-07-29,TCF Canada,TCF Canada备考血泪史,先说总结！请大家选择TCF Canada！请疯狂刷题！谢谢！ 🌟背景：曾经的5年法国留子，本来也没有什么语言天赋，回国,122,120,32,21,图文,汉娜（开启找工作模式）,https://sns-na-i11.xhscdn.com/1040g2sg31khc4ffm34e05p24usi45d2tj8qlcro?imageView2/2/w/1440/format/webp&ap=5&sc=SRH_DTL&sign=53479d2a399ae91e9adb8c2f29ea88fd&t=6aa54543,,6888e667000000002302d5fd,YBDhFMINPHSpjTRCSkmfBxHtR2CbeoG-qCyqmdXIDwDBw=,https://www.xiaohongshu.com/explore/6888e667000000002302d5fd?xsec_token=YBDhFMINPHSpjTRCSkmfBxHtR2CbeoG-qCyqmdXIDwDBw=&xsec_source=app_note
2026-08-20,法语移民,加拿大EE法语通道的4个高频问题,今天汇总下猫哥最近被问得最多的几个问题，今天来详细讲解下这些常见疑惑 1） EE法语以后还会在吗？ 这个应该是问得最多的,127,116,22,28,图文,猫哥教你说法语,https://sns-na-i11.xhscdn.com/1040g2sg3243hpj890m705pk36mnhot2dsss4818?imageView2/2/w/1440/format/webp&ap=5&sc=SRH_DTL&sign=59d9a8c968d81357cd394f0d29e0fee6&t=6aa54677,,6a8706ec000000002702e793,YBrFM782g0kVqtzWHoU0eY_LpLRQ4XQWFGQ9zqUirtn7M=,https://www.xiaohongshu.com/explore/6a8706ec000000002702e793?xsec_token=YBrFM782g0kVqtzWHoU0eY_LpLRQ4XQWFGQ9zqUirtn7M=&xsec_source=app_note
2026-04-12,TEF Canada/TCF备考,🇨🇦TCF Canada 成功上岸时间线分享｜零基础,🔹 2025.2.14 PTE Core 上岸 CLB 9。 🔹 2025.3 因为 EE 分数一直居高不下，整个人,140,106,78,18,图文,321,https://sns-na-i11.xhscdn.com/notes_pre_post/1040g3k831urhv2f32s2g48h61po8em778adm9mg?imageView2/2/w/1440/format/webp&ap=5&sc=SRH_DTL&sign=5b542c10ea7d9c2e9f56155fb0af9791&t=6aa5462c,,69db014d0000000021007368,YBiIJwUYDcRPtP3Qy-bhTV8y9EpP_wXXWBpIMU-WSJocs=,https://www.xiaohongshu.com/explore/69db014d0000000021007368?xsec_token=YBiIJwUYDcRPtP3Qy-bhTV8y9EpP_wXXWBpIMU-WSJocs=&xsec_source=app_note
2026-06-07,TCF备考,零基础5个半月通过TCF 希望帮到你,,89,129,34,28,图文,Melody,https://sns-na-i11.xhscdn.com/notes_pre_post/1040g3k032138gmva7k005nisjlr0944g3gbgna0?imageView2/2/w/1440/format/webp&ap=5&sc=SRH_DTL&sign=6d40431fdc59651396be9c0c3a71034f&t=6aa54653,,6a246d6f000000002102047c,YBj63FXjbuL4Hw-Vt_Wg7VFumDgQO5Kvevi0B8wQ7gwhQ=,https://www.xiaohongshu.com/explore/6a246d6f000000002102047c?xsec_token=YBj63FXjbuL4Hw-Vt_Wg7VFumDgQO5Kvevi0B8wQ7gwhQ=&xsec_source=app_note
2026-07-18,TCF备考,反速成！普通人零基础法语 B2 真实周期,最近网上不少宣传零基础 6 个月拿下 TCF Canada B2的，过来人说实话：真的不现实。 兼顾工作带娃不脱产基本不,90,126,30,18,图文,Sophie法语笺,https://sns-na-i11.xhscdn.com/spectrum/1040g34o322nfhf466u0g40v646hmis5i9h36c78?imageView2/2/w/1440/format/webp&ap=5&sc=SRH_DTL&sign=2f0bcff130705ec72030591b06da087e&t=6aa54653,,6a59ea07000000001302f42b,YBZxV4E0EviMEF3F-vdzVC85HCG8S2jGbhMMiOaibhTB8=,https://www.xiaohongshu.com/explore/6a59ea07000000001302f42b?xsec_token=YBZxV4E0EviMEF3F-vdzVC85HCG8S2jGbhMMiOaibhTB8=&xsec_source=app_note
2025-05-16,TEF Canada,tcf ca，tef ca，国内，加拿大如何报名考试,👉🏻国内：通过法语联盟报名，中国目前有16个城市有法盟（北京、广州、上海、武汉、南京、成都、大连、杭州、天津、西安,80,130,13,29,图文,外旧人,https://sns-na-i11.xhscdn.com/1040g2sg31hi34o4k3s6g5njdvdbg97qn7j9o7sg?imageView2/2/w/1440/format/webp&ap=5&sc=SRH_DTL&sign=8268045eb0b711dafdc01a0e616917ab&t=6aa54636,,68275332000000002002b22f,YB8lfdNU2v7jaMtWRDoR35RpgBTTt6ReLOxUXNJYpSOoc=,https://www.xiaohongshu.com/explore/68275332000000002002b22f?xsec_token=YB8lfdNU2v7jaMtWRDoR35RpgBTTt6ReLOxUXNJYpSOoc=&xsec_source=app_note
2026-09-03,法语移民,没想到上一篇帖子引起了这么多人的关注，绝世大i人真的受宠若惊了🥹 好多朋友私信问我法语到底怎么学，我来了我来了我来了,没想到上一篇帖子引起了这么多人的关注，绝世大i人真的受宠若惊了🥹 好多朋友私信问我法语到底怎么学，我来了我来了我来了,136,102,19,15,图文,一朵风中摇曳的泡面头,https://sns-na-i11.xhscdn.com/oss-ae/notes_pre_post/1040g3v8324lkeeh13o005nldgjbg8f5k7hi9u7o?imageView2/2/w/1440/format/webp&ap=5&sc=SRH_DTL&sign=5adc54fff936218fec2b08145395c36b&t=6aa54677,,6a9993a5000000000f03a800,YBsmByb9N8h4B7v_lPXN-zVC73n7yzo3GhdD059lJMovI=,https://www.xiaohongshu.com/explore/6a9993a5000000000f03a800?xsec_token=YBsmByb9N8h4B7v_lPXN-zVC73n7yzo3GhdD059lJMovI=&xsec_source=app_note
2024-04-08,TEF Canada,TEF Canada写作大作文范例13-网络的好处,由粉丝s信我说希望我出一篇网络带给人好处的例文。网络是个老话题的，其实pour 和contre都可以写出N个argume,109,115,7,13,图文,Petite_Roche,https://sns-na-i11.xhscdn.com/1040g2sg311b7h7nvmg6g5p4337q4mv4c55tjaig?imageView2/2/w/1440/format/webp&ap=5&sc=SRH_DTL&sign=7034eebef1d5bba315c5f0d1f57ebbba&t=6aa5462c,,66140268000000001b00c2d3,YBgKkrNp_eVt91NSwhBwuMRKOQSofegmjAlJOIQiSA-NM=,https://www.xiaohongshu.com/explore/66140268000000001b00c2d3?xsec_token=YBgKkrNp_eVt91NSwhBwuMRKOQSofegmjAlJOIQiSA-NM=&xsec_source=app_note
2026-07-23,TCF备考,法语备考：我的时间安排复盘,2025.9—2026.3 佛系打底阶段 这段时间居家全职上班，摸鱼空间比较充足。每周固定3小时喵喵老师的课，课上会让我,96,118,10,17,图文,喜欢吃胡辣汤,https://sns-na-i11.xhscdn.com/notes_pre_post/1040g3k0322vg0090ms005qgo1vvgg805am1mfp0?imageView2/2/w/1440/format/webp&ap=5&sc=SRH_DTL&sign=9eba40070b1a86ee8ad159e83401f1ca&t=6aa54648,,6a6220db000000000f017818,YB56sWkOlKrZMaVeC5x7IBq4o89KHbW89bBeiXZxGPKu4=,https://www.xiaohongshu.com/explore/6a6220db000000000f017818?xsec_token=YB56sWkOlKrZMaVeC5x7IBq4o89KHbW89bBeiXZxGPKu4=&xsec_source=app_note
2026-09-04,TCF备考,🇨🇦TCF CA 作文备考（放弃T3版),写在前面： 👧我自己因为备考时间只有三个月，所以采取的是集中主要力量解决主要矛盾的方法，我的目标是写作通过就行，我最后,93,116,20,16,图文,肥牛Juan 🥓,https://sns-na-i11.xhscdn.com/notes_pre_post/1040g3k8324mdksn1naa05pan6ke177vgqvcdqc0?imageView2/2/w/1440/format/webp&ap=5&sc=SRH_DTL&sign=b9b1016848d187d00f1e2d5140481a21&t=6aa54648,,6a9a5d170000000028029f50,YBL00BEpptLgthxSXWzXV8q36amrx3oujHzTYBchYNqDI=,https://www.xiaohongshu.com/explore/6a9a5d170000000028029f50?xsec_token=YBL00BEpptLgthxSXWzXV8q36amrx3oujHzTYBchYNqDI=&xsec_source=app_note
2026-04-22,法语移民,EE大改对法语通道的启示,虽然说IRCC还没有发布官方完整版本的新EE草案，但现在各种leak已经透题透得差不多了，猫哥来讲下这次大改对于EE法语,129,97,17,39,图文,猫哥教你说法语,https://sns-na-i11.xhscdn.com/notes_pre_post/1040g3k031v8hbqhb1u0g5pk36mnhot2dere94e8?imageView2/2/w/1440/format/webp&ap=5&sc=SRH_DTL&sign=eec6f44e506c58362cdcb73f9fcb04c1&t=6aa54677,,69e84bac000000001b001bc7,YBffg8hrS2EZu6J72N-FTsP4qazlzFDcVUNRSCigRjvHs=,https://www.xiaohongshu.com/explore/69e84bac000000001b001bc7?xsec_token=YBffg8hrS2EZu6J72N-FTsP4qazlzFDcVUNRSCigRjvHs=&xsec_source=app_note
2026-05-25,TCF Canada,tcfca一个模板套所有T3-有钱等于幸福？,接下来我将开启一个全新的系列，用同一套模板套用所有的tcfcanada口语t3，主要为了给大家展示，只要有靠谱的框架，你,98,110,16,29,视频,雷雷六（在职加拿大法语B2版）,https://sns-na-i11.xhscdn.com/1040g2sg320j3hfadmoe05pcbjjn83v8lp105uh8?imageView2/2/w/1440/format/webp&ap=5&sc=SRH_DTL&sign=2cfececf2dbcdf153d44c9aae0b6e2b9&t=6aa54543,,6a13e3a8000000003502a314,YBpbwD2O95cPSo0jT-yb5fA-20LhWH5C8ywGIwQY5qHJE=,https://www.xiaohongshu.com/explore/6a13e3a8000000003502a314?xsec_token=YBpbwD2O95cPSo0jT-yb5fA-20LhWH5C8ywGIwQY5qHJE=&xsec_source=app_note
2026-05-07,TEF Canada/TCF备考,39岁大龄普妈 零基础8个月 拿下法语Tcf Ca,我的TCF CA 8个月时间线 个人情况： 39岁即将更年期的我，青春期的儿子，即将青春期的女儿，曾经北漂，现在西漂（西,76,121,23,30,图文,Emma,https://sns-na-i11.xhscdn.com/notes_pre_post/1040g3k031vscgncs2r1g5ohcrsqgkd5rcrbvcbg?imageView2/2/w/1440/format/webp&ap=5&sc=SRH_DTL&sign=df4a1abb0ba1f1b1f8f048ca601da146&t=6aa54636,,69fc9f50000000001f000c0e,YBy1UBn3KjQ1YTg1RUcOUftS4eH9qU6cQHsVcNVbyYI_o=,https://www.xiaohongshu.com/explore/69fc9f50000000001f000c0e?xsec_token=YBy1UBn3KjQ1YTg1RUcOUftS4eH9qU6cQHsVcNVbyYI_o=&xsec_source=app_note
2026-08-09,法语移民,"加拿大将发布最新移民规划, EE法语再被提及",IRCC前几个月的时候做了一次政策问询，针对新一轮的2027-29年的移民规划，EE法语通道再次被重点提及 虽然说完整的,145,86,24,54,图文,猫哥教你说法语,https://sns-na-i11.xhscdn.com/1040g2sg323lb35l66u705pk36mnhot2dc1b9k38?imageView2/2/w/1440/format/webp&ap=5&sc=SRH_DTL&sign=4973467d20bbeaf407058e8a632caa89&t=6aa54672,,6a7879f200000000260358f5,YBnWVjVEaSU0siZuN9qvUo6RWmamFgQ6U1ik-O5K0iSk8=,https://www.xiaohongshu.com/explore/6a7879f200000000260358f5?xsec_token=YBnWVjVEaSU0siZuN9qvUo6RWmamFgQ6U1ik-O5K0iSk8=&xsec_source=app_note
2026-07-09,TCF Canada,TCF Canada口语高分万能句,很适合用于口语tâche 3表达自己的立场并引出观点论述 #tcfcanada  #法语考试  #加拿大法语移民  #e,85,112,2,20,视频,Monica教法语,https://sns-na-i11.xhscdn.com/spectrum/1040g0k0322da8bm6n40g5qfuk870g302hfuan70?imageView2/2/w/1440/format/webp&ap=5&sc=SRH_DTL&sign=db08020c2c58de696cfdaf13bdde9bb9&t=6aa54543,,6a4f7df50000000020038be8,YB6Gg6DE3PKrydSNbK-pTg4gBWUC0nb0fORr1zEQpHgbA=,https://www.xiaohongshu.com/explore/6a4f7df50000000020038be8?xsec_token=YB6Gg6DE3PKrydSNbK-pTg4gBWUC0nb0fORr1zEQpHgbA=&xsec_source=app_note
2026-06-23,TCF备考,B2经验分享,去年还在苦背法语的我现在已经拿着pr安家入学。平心而论，学习法语的痛苦至今依然清晰，但现在的生活告诉我，值！再累也值！我,95,107,16,15,图文,Lulumelon,https://sns-na-i11.xhscdn.com/notes_pre_post/1040g3k0321nsmmf66u005o3advvg93tvprk7q70?imageView2/2/w/1440/format/webp&ap=5&sc=SRH_DTL&sign=2e7b1d26090c682ed977bfe0aa02a5b6&t=6aa54648,,6a3991e3000000001102ffd5,YBrOHquMbv5bDCHHeXjfJhC1AMGZQrrRYLPyNK8O0gKyw=,https://www.xiaohongshu.com/explore/6a3991e3000000001102ffd5?xsec_token=YBrOHquMbv5bDCHHeXjfJhC1AMGZQrrRYLPyNK8O0gKyw=&xsec_source=app_note
2026-07-25,法语移民,学法语拿加拿大永居，先达到这些最低门槛,猫哥扫盲贴系列第N篇，这次来讲下加拿大法语通道的最低门槛要求，满足了，才能参与抽分 学个法语就可以拿加拿大PR？真的就如,126,91,9,28,图文,猫哥教你说法语,https://sns-na-i11.xhscdn.com/notes_pre_post/1040g3k03231gtq4m6u0g5pk36mnhot2dgidcdgo?imageView2/2/w/1440/format/webp&ap=5&sc=SRH_DTL&sign=d40df1416f88d5eece40f22421ee3177&t=6aa54677,,6a642ee5000000000f004570,YBQ8eku8RDm_GAhrXFLFcFGpi3hbeYbhQjiJfKTt6cANY=,https://www.xiaohongshu.com/explore/6a642ee5000000000f004570?xsec_token=YBQ8eku8RDm_GAhrXFLFcFGpi3hbeYbhQjiJfKTt6cANY=&xsec_source=app_note
2026-08-16,法语移民,很多人看到EE法语通道的邀请分数只要391分，比CEC经验类的516分低了将近130分，第一反应就是这条路太好走了。但我,很多人看到EE法语通道的邀请分数只要391分，比CEC经验类的516分低了将近130分，第一反应就是这条路太好走了。但我,114,92,52,22,图文,Helen（速通）,https://sns-na-i11.xhscdn.com/spectrum/1040g0k0323ub1aeon0005pvcrkginsdb301igeg?imageView2/2/w/1440/format/webp&ap=5&sc=SRH_DTL&sign=aa176af90366cb6eb50700e242e83bb9&t=6aa54677,,6a81b12e000000002c0070af,YBN6O6mU4yeRM6soSuY6bqsUeuJLJJ97BiIc34z8w7b24=,https://www.xiaohongshu.com/explore/6a81b12e000000002c0070af?xsec_token=YBN6O6mU4yeRM6soSuY6bqsUeuJLJJ97BiIc34z8w7b24=&xsec_source=app_note
2026-04-20,TCF备考,8个月自学法语到TEF B2的经验与心得（下）,前两篇可谓是总结了自学道路上所有能遇到的弯路，接下来是帮助我在一个月不到的时间，直接冲到B2的、至关重要的攻略方式,97,98,7,15,图文,Ingrid,https://sns-na-i11.xhscdn.com/notes_pre_post/1040g3k831v5qe7fb2q905od686vk18evq43jqc8?imageView2/2/w/1440/format/webp&ap=5&sc=SRH_DTL&sign=5e16c873077bcaa60423329378b04b5c&t=6aa54648,,69e583e6000000001a0225a1,YBPtm5YgDe6B1z8cnIaY8zLyHKLsjOW9n-9w31BI2qggU=,https://www.xiaohongshu.com/explore/69e583e6000000001a0225a1?xsec_token=YBPtm5YgDe6B1z8cnIaY8zLyHKLsjOW9n-9w31BI2qggU=&xsec_source=app_note
2026-08-19,TEF Canada/TCF备考/法语移民,35 +带 5 岁娃：我是怎么熬出TCF🇨🇦的！,先说结果✨：TCF Canada 顺利出分，已经成功 EE 入池。 无广！纯个人真实经历，想给走法语移民通道的朋友分享踩,116,85,51,31,图文,带娃学法语的Mia,https://sns-na-i11.xhscdn.com/oss-ae/notes/1040g3ug324292800i6005qk33f5g8j00m6d94j8?imageView2/2/w/1440/format/webp&ap=5&sc=SRH_DTL&sign=372fa76d85161ae4ac3b34705ee86def&t=6aa5462c,,6a85beff000000000e03f000,YBK-3LAyDfD0mkr8UJejItHTlrizkqxGcdaZu2Bip6Vo4=,https://www.xiaohongshu.com/explore/6a85beff000000000e03f000?xsec_token=YBK-3LAyDfD0mkr8UJejItHTlrizkqxGcdaZu2Bip6Vo4=&xsec_source=app_note
2024-11-02,TEF Canada,TEFCA口语B部分考场模拟（搬运+中字）,考生得分在视频末尾，请看到最后 做字幕不易，多多支持 小破站也同步上传了，想用电脑观看可以去那边 账号同名 #法语零基础,95,95,3,31,视频,我是橘汁Molly,https://sns-na-i11.xhscdn.com/1040g2sg319m8olgp7cd05o82411095vjjcp2s8o?imageView2/2/w/1440/format/webp&ap=5&sc=SRH_DTL&sign=c52ddf0f44512a4b92b01980e7e911d9&t=6aa5462c,,67257a6f000000003c01d42a,YBeNAgpQu92VcfJ2Z0dbzJz-9Vj_Eq9ZX1j4zap8fhu4U=,https://www.xiaohongshu.com/explore/67257a6f000000003c01d42a?xsec_token=YBeNAgpQu92VcfJ2Z0dbzJz-9Vj_Eq9ZX1j4zap8fhu4U=&xsec_source=app_note
2026-08-04,TCF备考,介绍一下自身学习TCF CA的经历仅供参考,因为有很多朋友想要了解零基础到TCF CANADA B2需要花多少时间，所以写写这个帖子。 声明： 1. 我个人不推崇自,96,92,21,12,图文,小小饼咪,https://sns-na-i11.xhscdn.com/notes_pre_post/1040g3k0323eldvmhnu0046rmaqko86hn0ivas2o?imageView2/2/w/1440/format/webp&ap=5&sc=SRH_DTL&sign=cf12e1faa0e88e644b5f8fbee32811df&t=6aa54648,,6a71a772000000002701d3c1,YBoJpFzK8GntKCPLBN4B-tv7mVcoND9SnXMYi6aDDoE1U=,https://www.xiaohongshu.com/explore/6a71a772000000002701d3c1?xsec_token=YBoJpFzK8GntKCPLBN4B-tv7mVcoND9SnXMYi6aDDoE1U=&xsec_source=app_note
2025-04-13,TEF Canada,TEF CANADA 资历平凡的0基础到CLB7自学（六,3听力： 我没有做过听写，我也没有精听过。我也觉得听写效率不高。虽然我听力考得并不高，但我估计是最后一部分辩音错了很多,72,103,4,8,图文,Un_Grand_Arbre,https://sns-na-i11.xhscdn.com/spectrum/1040g34o31g6dkcld1a0g49psvr6q94inr4opiq0?imageView2/2/w/1440/format/webp&ap=5&sc=SRH_DTL&sign=9dd40e507ce1a7e99336112811fd2a64&t=6aa54636,,67fa9b2d000000000b017754,YBc2TIRUAD5vSx5A1FhDJ-5uyW1coqLnh6CzLPpRtveUo=,https://www.xiaohongshu.com/explore/67fa9b2d000000000b017754?xsec_token=YBc2TIRUAD5vSx5A1FhDJ-5uyW1coqLnh6CzLPpRtveUo=&xsec_source=app_note
2026-07-14,TCF Canada,TCF CA口语1:一个小技巧，让你不怕考官打断,今天的视频分享一个很简单但非常实用的应对打断的小技巧 #tcfcanada  #tcfca  #tcf  #法语考试,91,89,1,23,视频,Monica教法语,https://sns-na-i11.xhscdn.com/spectrum/1040g0k0322jo2venms005qfuk870g302p5qjj8o?imageView2/2/w/1440/format/webp&ap=5&sc=SRH_DTL&sign=781ec3a839e2adff5e79e19bb1b4fdaa&t=6aa54543,,6a5616aa0000000006022fbb,YB3D243eTGknufAkdml-zySvahTne6xdGmTLLEkjHkTdg=,https://www.xiaohongshu.com/explore/6a5616aa0000000006022fbb?xsec_token=YB3D243eTGknufAkdml-zySvahTne6xdGmTLLEkjHkTdg=&xsec_source=app_note
2025-01-18,TEF Canada,🇨🇦TEF Canada蒙特利尔考场记录（已出分,整体备考建议： 真材实料：口语和写作对比上一年，难度持平，没有什么变化。阅读听力的难度提升了，靠刷题，指望靠运气遇到原题,95,86,19,28,图文,Banff女孩,https://sns-na-i11.xhscdn.com/1040g00831cpl3pdsgu004a3mg5lntdk8n9v7c6o?imageView2/2/w/1440/format/webp&ap=5&sc=SRH_DTL&sign=fc7dc73414c8f0d6e6fae1d70f9f7e03&t=6aa5462c,,678b3a63000000000a007a57,YBRVfvjmxP3FHJZ-ybgGByOhgMVxE0QGDoRjKn6iB2Tv0=,https://www.xiaohongshu.com/explore/678b3a63000000000a007a57?xsec_token=YBRVfvjmxP3FHJZ-ybgGByOhgMVxE0QGDoRjKn6iB2Tv0=&xsec_source=app_note
2026-08-02,TCF备考,TCF口语三次9分后，我的弯路和经验-T1（1）,我四次 TCF CA 的口语分数是：9 → 5 → 9 → 9（复议后 13）。 每次听阅写作都能稳稳过线，唯独口语像一,63,95,1,11,图文,涛的法语漫谈,https://sns-na-i11.xhscdn.com/spectrum/1040g0k0323bl5u6gn0005prrmiil68of95qnp90?imageView2/2/w/1440/format/webp&ap=5&sc=SRH_DTL&sign=fd7187cf6f1bb8e93026df292423efa0&t=6aa54653,,6a6e93470000000025005e2a,YBkz53bGZyjOT8xhnI_q8O9OVE6yzr1rmwfwgfSQRTFhc=,https://www.xiaohongshu.com/explore/6a6e93470000000025005e2a?xsec_token=YBkz53bGZyjOT8xhnI_q8O9OVE6yzr1rmwfwgfSQRTFhc=&xsec_source=app_note
2026-07-05,TCF备考,别学什么法语思维，3个月过TCF🇨🇦邪修,3-6个月拿下TCF Canada法语考试，关键在于中译法输出和背诵模板。中译法训练语法基础，模板确保口语和写作流畅。避,62,95,51,16,图文,Tik法语邪修,https://sns-na-i11.xhscdn.com/notes_pre_post/1040g3k03227si8t1na005prdbn263tj3imil0f0?imageView2/2/w/1440/format/webp&ap=5&sc=SRH_DTL&sign=7812011497696cd35b82d9865d7ec0f2&t=6aa54653,,6a49f1380000000006021019,YBjtrVCnkLeyKwvIY-TUjyhB7bzzBKE1V_-FbuGCnvCF4=,https://www.xiaohongshu.com/explore/6a49f1380000000006021019?xsec_token=YBjtrVCnkLeyKwvIY-TUjyhB7bzzBKE1V_-FbuGCnvCF4=&xsec_source=app_note
2026-03-26,TCF备考,谨记以备考法语🇨🇦TCF CA 为目的而上班,1、上班务必清醒认知，工作只是为法语学习提供经济支撑，考过B2上岸才是终极目标，没必要被职场内耗消耗情绪。累了就闭目养神,92,79,4,22,图文,h.notes,https://sns-na-i11.xhscdn.com/1040g2sg31u68ks3j2q704aahso6r6p0v7am7oo8?imageView2/2/w/1440/format/webp&ap=5&sc=SRH_DTL&sign=dd8fa6ca37655b67ae5eca776016cada&t=6aa54653,,69c542d7000000001a0276ee,YBzHRwEGlc7DvF3ZnH5J-OKDzjr7FpWF2xMBH7unqhimI=,https://www.xiaohongshu.com/explore/69c542d7000000001a0276ee?xsec_token=YBzHRwEGlc7DvF3ZnH5J-OKDzjr7FpWF2xMBH7unqhimI=&xsec_source=app_note
2026-03-04,TCF Canada,零基础 tcf canada首考写作17分技巧分享,TCF Canada 写作：C2 高分经验与避雷指南 ✍️ ⚠️ 核心准则：准确度是第一生命线 零容忍： T1、T2 绝,58,95,13,19,图文,璀璨冒险人,https://sns-na-i11.xhscdn.com/1040g2sg31t96gq4l5sbg49rlmihtgn4788spli8?imageView2/2/w/1440/format/webp&ap=5&sc=SRH_DTL&sign=b6729e2b4b8e1c975b72503c465c77dd&t=6aa54543,,69a770b9000000002801d63f,YB2WfIcdjT_WzQnOiRhz7HS92VXse9S69XOyAVyYBKwUo=,https://www.xiaohongshu.com/explore/69a770b9000000002801d63f?xsec_token=YB2WfIcdjT_WzQnOiRhz7HS92VXse9S69XOyAVyYBKwUo=&xsec_source=app_note
2026-07-16,法语移民,法语碎碎念,终于有时间开始写心得。 一些感想。 #加拿大  #加拿大生活  #加拿大移民  #tcfca  #tcfCanada,104,70,36,11,图文,丧失的一切必将回返,https://sns-na-i11.xhscdn.com/notes_pre_post/1040g3k8322lut4s87od05ns59q809cs8h1d0vb8?imageView2/2/w/1440/format/webp&ap=5&sc=SRH_DTL&sign=b6dffd92928360b579659e0032226183&t=6aa54677,,6a5857e20000000004029159,YBXamWw6DKdMcD7w8x6gXBoLrnbbocbNqpAR27jnhOjaA=,https://www.xiaohongshu.com/explore/6a5857e20000000004029159?xsec_token=YBXamWw6DKdMcD7w8x6gXBoLrnbbocbNqpAR27jnhOjaA=&xsec_source=app_note
2026-09-02,法语移民,来加拿大一年多，终于被捞上PR了,这次被捞也算比较曲折，刚开始来这里是拿着LMIA来的，本来加50分妥妥的够了，没想到来到这就取消了，政策也收紧了，只有学,107,66,23,30,图文,路人饼,https://sns-na-i11.xhscdn.com/notes_pre_post/1040g3k0324je7nf8go005ni19s7g8epgcaejseg?imageView2/2/w/1440/format/webp&ap=5&sc=SRH_DTL&sign=b545a6295a39bf69efda480dbf2ccf8e&t=6aa54677,,6a9750e10000000025034f7e,YBr_K0Jqh0abyDixIKVzspn2QaONVkD1aPpO4_EnPOgBI=,https://www.xiaohongshu.com/explore/6a9750e10000000025034f7e?xsec_token=YBr_K0Jqh0abyDixIKVzspn2QaONVkD1aPpO4_EnPOgBI=&xsec_source=app_note
2026-06-22,TCF Canada/TCF备考,备考 TCF Canada，这些坑我帮你踩过了！,很多大神都分享过 TCF Canada 的备考经验，我就从自己长期备考、三次考试的经历出发，聊聊一些可以避免的坑，希望能,74,82,42,16,图文,朝阳区潜力富婆,https://sns-na-i11.xhscdn.com/notes_pre_post/1040g3k0321nct3gjn0005ph4v6shommhveu5mj0?imageView2/2/w/1440/format/webp&ap=5&sc=SRH_DTL&sign=844b3c5d5c7464db6b3daa840b72dffe&t=6aa54543,,6a390c400000000011005a75,YBj7rnCxgGcrbkoLSZ5a2BBFxLYbYrCLjOU5sGvrdX6ko=,https://www.xiaohongshu.com/explore/6a390c400000000011005a75?xsec_token=YBj7rnCxgGcrbkoLSZ5a2BBFxLYbYrCLjOU5sGvrdX6ko=&xsec_source=app_note
2026-06-17,TCF备考,TCF Canada备考有没有捷径？,最近陆陆续续收到一些朋友们的私信，来问我备考的经验，虽然我在之前的帖子中也分享了一些自己的备考经验。但今天还是想再叨叨几,74,81,25,13,图文,北纬46度生活,https://sns-na-i11.xhscdn.com/notes_pre_post/1040g3k0321h6a9men2005n32oankc1j9jgnvqk0?imageView2/2/w/1440/format/webp&ap=5&sc=SRH_DTL&sign=4e233a647c90795e9cf087e0fd97eb3d&t=6aa54653,,6a32b43d000000000f01eb80,YBFLVhr9hbJ--M9TVwNIhMp_QOZt69RVZpozBTrHfjJbk=,https://www.xiaohongshu.com/explore/6a32b43d000000000f01eb80?xsec_token=YBFLVhr9hbJ--M9TVwNIhMp_QOZt69RVZpozBTrHfjJbk=&xsec_source=app_note
2026-09-07,法语移民,学法语拿加拿大永居，先满足这几个条件,猫哥扫盲贴第N集，今天来讲下加拿大EE法语通道的最低条件，满足了这些，才能参与EE法语的抽选 *这个抽选说一下， 只要过,96,70,14,17,图文,猫哥教你说法语,https://sns-na-i11.xhscdn.com/1040g2sg324qmnlfnhm705pk36mnhot2du4jkh3g?imageView2/2/w/1440/format/webp&ap=5&sc=SRH_DTL&sign=e47a2a5d6ab6e314e324a1c2a58f0e82&t=6aa54677,,6a9ebcae000000002803a195,YBclWtDGs8TIlgezA0CPoMO1xQP2g8g29hnBWajmVcO4o=,https://www.xiaohongshu.com/explore/6a9ebcae000000002803a195?xsec_token=YBclWtDGs8TIlgezA0CPoMO1xQP2g8g29hnBWajmVcO4o=&xsec_source=app_note
2026-06-28,TCF Canada,TCF Canada 高分表达⑤Je dirais que...,很多同学学法语的时候，最喜欢说的一句话就是： Je pense que... 但法国人在讨论一个社会问题时，很少直接下结,111,62,0,6,视频,晓行枫叶路🍁,https://sns-na-i11.xhscdn.com/spectrum/1040g34o321utbu7r700g401e7mg9m43qkdo9i28?imageView2/2/w/1440/format/webp&ap=5&sc=SRH_DTL&sign=772e278c98de530140bbbd955cb456e0&t=6aa54543,,6a40be23000000002101aa48,YBexxM86lKcuHyNVJf0-pYseagf2hGGXL_jtSw8Wx3lr4=,https://www.xiaohongshu.com/explore/6a40be23000000002101aa48?xsec_token=YBexxM86lKcuHyNVJf0-pYseagf2hGGXL_jtSw8Wx3lr4=&xsec_source=app_note
2026-09-09,法语移民,境外法语EE时间线（法专生话多流水账版）,离职了从沪回老家了终于想起来写这个了 大概整理一下吧： 2024.9 决定EE 浅查了TCF的攻略摸了个底 上班一受气就,77,76,13,16,图文,Zing,https://sns-na-i11.xhscdn.com/1040g2sg324spf4a63idg5ovhlecm2q935hqr1u0?imageView2/2/w/1440/format/webp&ap=5&sc=SRH_DTL&sign=2c3932bb7a7427758d38ff3efefa130e&t=6aa54677,,6aa0f23c000000002b013375,YBejs74B1W__K0oT-L6QBjsQkCl0ZxS9hnKbun0uwEx4E=,https://www.xiaohongshu.com/explore/6aa0f23c000000002b013375?xsec_token=YBejs74B1W__K0oT-L6QBjsQkCl0ZxS9hnKbun0uwEx4E=&xsec_source=app_note
2026-09-04,TEF Canada,法语少儿动画：“盯着屏幕”的影响,#法语动画  #法语电影  #少儿法语  #法语动画片  #小狮子法语  #法语学习  #法语单词  #法语话题  #t,92,66,0,5,视频,小獅子法語-LePetitLion,https://sns-na-i11.xhscdn.com/1040g2sg324mi2spc0sf05o8jkqsgbpbrh7qqljo?imageView2/2/w/1440/format/webp&ap=5&sc=SRH_DTL&sign=823a428cb187362861fe8b638a3e59e7&t=6aa54636,,6a9a7db6000000002700be11,YBwf2bZMVY092FLju25mEWWbIzuhaPnsxhhCM34Df7jWc=,https://www.xiaohongshu.com/explore/6a9a7db6000000002700be11?xsec_token=YBwf2bZMVY092FLju25mEWWbIzuhaPnsxhhCM34Df7jWc=&xsec_source=app_note
2026-08-26,TCF备考,TCF CA口语备考个人经验分享,背景：十年前学习到A2，完全没有应用+哑巴法语，找中文老师复健三个月后开始全力备考 在经历了两次口语卡9分+其他全过之后,62,80,11,13,图文,momo（法语考过版）,https://sns-na-i11.xhscdn.com/oss-ae/notes_pre_post/1040g3v8324aelro0is804bbt0od6k83adh0m798?imageView2/2/w/1440/format/webp&ap=5&sc=SRH_DTL&sign=d646bebf925d415b0d57dc23919aa8ad&t=6aa54653,,6a8e25a3000000000e03c800,YBDlu_9s9b4fMBts4S-hAG3wuHQjM9_VWWdPeM-YJDgh0=,https://www.xiaohongshu.com/explore/6a8e25a3000000000e03c800?xsec_token=YBDlu_9s9b4fMBts4S-hAG3wuHQjM9_VWWdPeM-YJDgh0=&xsec_source=app_note
2026-08-18,TEF Canada,一个月从A2到B2 | tcf焚决,本人情况： 法专大二，大一基本没学，大二下因为要考专四开始重新学法语，拿到了交换名额，tcf纯自学，六月中考tef A,77,72,9,10,图文,Claire,https://sns-na-i11.xhscdn.com/notes_pre_post/1040g3k0323vqnf610a005pi0aoe0ubqsp34t8lg?imageView2/2/w/1440/format/webp&ap=5&sc=SRH_DTL&sign=421c6ea2471adf20a046774ead6a2a97&t=6aa54636,,6a83394b000000003301389d,YB8fZ3BrWfKxt3GVtSLhaalMeowEhN0MVBTiMzfH0hA_U=,https://www.xiaohongshu.com/explore/6a83394b000000003301389d?xsec_token=YB8fZ3BrWfKxt3GVtSLhaalMeowEhN0MVBTiMzfH0hA_U=&xsec_source=app_note
2026-05-13,TCF备考,法语TCF CLB7 5段式模版-高频话题科技类,#tcfca  #加拿大法语  #法语  #tcfca口语  #tcfca备考  #tcf口语  #加拿大法语移民,80,70,1,7,视频,Laura法语TCF CA,https://sns-na-i11.xhscdn.com/spectrum/1040g0k03204039q32s005qd2q9o7744m5sed4ko?imageView2/2/w/1440/format/webp&ap=5&sc=SRH_DTL&sign=bd85b80236d7324f91b2baa4e5e2e435&t=6aa54653,,6a046b03000000003601fb82,YBgcxph_Y7DYL9zPpYm3BIAcJf0mi05fFge6C6gsX8AII=,https://www.xiaohongshu.com/explore/6a046b03000000003601fb82?xsec_token=YBgcxph_Y7DYL9zPpYm3BIAcJf0mi05fFge6C6gsX8AII=&xsec_source=app_note
2026-08-22,TCF Canada,0基础自学法语保姆级教程-听写怎么做,#tcfcanada  #tcfca  #delf  #法语  #加拿大法语  #好视频扶持计划  #法语ee  #ee,91,64,14,8,视频,雷雷六（在职加拿大法语B2版）,https://sns-na-i11.xhscdn.com/1040g2sg3245cg49ln2e05pcbjjn83v8li6faf0g?imageView2/2/w/1440/format/webp&ap=5&sc=SRH_DTL&sign=3a433d86e22ad46a55721b1822fe4fc1&t=6aa54543,,6a88e890000000003703eb3d,YBHp6m34jIz4pIxRm-tL0LlDeUKmSX4_JM0lB-4uNio30=,https://www.xiaohongshu.com/explore/6a88e890000000003703eb3d?xsec_token=YBHp6m34jIz4pIxRm-tL0LlDeUKmSX4_JM0lB-4uNio30=&xsec_source=app_note
2026-08-28,法语移民,加拿大法语两条路：死磕7，还是5先上车？,最近发现很多人其实卡在同一个选择上： 是继续在海外把法语四项做到NCLC 7，直接走EE法语类别；还是先把法语听说做到N,83,68,26,13,图文,加拿大的橙🍊,https://sns-na-i11.xhscdn.com/notes_pre_post/1040g3k8324cp5rte7k805o750rkg8vphup8o5mg?imageView2/2/w/1440/format/webp&ap=5&sc=SRH_DTL&sign=e3f857735e67dcfc78a8ed4fecbde84a&t=6aa54677,,6a9198e300000000250121d8,YBXXBR7Ba4LqXBoBqvQgMrlYesTt0SEVKFr0FA4C84fn4=,https://www.xiaohongshu.com/explore/6a9198e300000000250121d8?xsec_token=YBXXBR7Ba4LqXBoBqvQgMrlYesTt0SEVKFr0FA4C84fn4=&xsec_source=app_note
2026-09-09,法语移民,且看且珍惜,1. 很多人对法语分享帖感兴趣，但是刚打招呼，如果你都没问，出分小号就开始疯狂推荐老师，一定要谨慎。背后的利益关系和提成,103,56,33,21,图文,50岁独居生活,https://sns-na-i11.xhscdn.com/notes_pre_post/1040g3k8324socbauj0705ql0qd74oe00ar5e7ro?imageView2/2/w/1440/format/webp&ap=5&sc=SRH_DTL&sign=aea5f6a9e220ef5f7a8e1240a8978e41&t=6aa54677,,6aa0d9760000000029013f17,YBejs74B1W__K0oT-L6QBjsWr_ZkI1kB0OegGKo6f8-rU=,https://www.xiaohongshu.com/explore/6aa0d9760000000029013f17?xsec_token=YBejs74B1W__K0oT-L6QBjsWr_ZkI1kB0OegGKo6f8-rU=&xsec_source=app_note
2026-04-18,TCF Canada,🇨🇦4.17 TCF Canada考题分享,写作tâche 1 Vous êtes à la recherche d'un logement et souhaite,94,60,11,34,图文,三天打鱼两天晒王同学,https://sns-na-i11.xhscdn.com/1040g00831v3aa2hr2a0049uv1opdj054t1f1jeo?imageView2/2/w/1440/format/webp&ap=5&sc=SRH_DTL&sign=7959038affdc13032969cdb66a2b45e7&t=6aa54543,,69e2f374000000001e00cd5e,YB8Vh_kNalWdQ7t-k_qtp0eoK7A7DumkPlWrGqVRSEw1M=,https://www.xiaohongshu.com/explore/69e2f374000000001e00cd5e?xsec_token=YB8Vh_kNalWdQ7t-k_qtp0eoK7A7DumkPlWrGqVRSEw1M=&xsec_source=app_note
2026-04-09,TCF备考,Tcf Canada经验贴 0基础1年考到B2（附花费,不少人问关于备考Tcf Canada的问题，我还是来整理一下我的学习经历，花费和用到的资料。 整体路线：打基础 → 做题,60,75,4,4,图文,SophiëX🥕,https://sns-na-i11.xhscdn.com/notes_pre_post/1040g3k031unvnsnb342g5oipa2oodaogb216hu8?imageView2/2/w/1440/format/webp&ap=5&sc=SRH_DTL&sign=44c404c379fa995293c336283f5682d8&t=6aa54653,,69d75cfc00000000230272ce,YB-hYh3In1lUhdsz-L7qCrxWSwYjr-TNXThtA3gaNPmEo=,https://www.xiaohongshu.com/explore/69d75cfc00000000230272ce?xsec_token=YB-hYh3In1lUhdsz-L7qCrxWSwYjr-TNXThtA3gaNPmEo=&xsec_source=app_note
2026-08-30,TEF Canada,Tcf Canada要不要止损（三战未出分）,A2基础，今年2月份开始在职备考。 学法语的决定来自于复杂的心态。海外经验差了二十多天不满一年，加上我在加拿大的工作经验,103,53,68,16,图文,小红薯60B5562D,https://sns-na-i11.xhscdn.com/notes_pre_post/1040g3k8324fr53aun4705o5kg2g091c3nmfsun8?imageView2/2/w/1440/format/webp&ap=5&sc=SRH_DTL&sign=56530d25be9464c09be0e5d0da85b8a3&t=6aa5462c,,6a93a3da000000001f01eec9,YBGU3C5xIqM3bPlOWFCL7uOcTIWJ0Xy_BvbW5jbPXwMYw=,https://www.xiaohongshu.com/explore/6a93a3da000000001f01eec9?xsec_token=YBGU3C5xIqM3bPlOWFCL7uOcTIWJ0Xy_BvbW5jbPXwMYw=&xsec_source=app_note
2026-05-31,TCF备考,TCF CANADA备考口语小提醒,千万不要随便在小红书上找中文口语教练…虽然乍一看价格非常便宜。 建议直接找法语外教，我试了Celina和Sami的课，直,63,72,12,10,图文,小小饼咪,https://sns-na-i11.xhscdn.com/notes_pre_post/1040g3k0320r8omqrlm0g46rmaqko86hn32e4auo?imageView2/2/w/1440/format/webp&ap=5&sc=SRH_DTL&sign=052dc7aa75f051df94472ae4445afff3&t=6aa54653,,6a1c3ff90000000007026dd8,YBGphQbHwSLnyIGuRqNhuXr3346X-FjQXb0gZxzXLbPTw=,https://www.xiaohongshu.com/explore/6a1c3ff90000000007026dd8?xsec_token=YBGphQbHwSLnyIGuRqNhuXr3346X-FjQXb0gZxzXLbPTw=&xsec_source=app_note
2026-09-03,TCF Canada,HowTo｜不花钱练口语T3，超级好使！,#tcfcanada  #tcfca  #加拿大法语  #ee法语  #加拿大ee  #ee法语定向  #ee法语加分,60,71,4,7,视频,雷雷六（在职加拿大法语B2版）,https://sns-na-i11.xhscdn.com/1040g008324l1kke5n2005pcbjjn83v8ldrkl298?imageView2/2/w/1440/format/webp&ap=5&sc=SRH_DTL&sign=665234cc2418379abfc15c100abc66c4&t=6aa54543,,6a98beef000000001203f49d,YBdIlg2ytDDjlmQjKfjHADfC8RIqrZdhO0_WM9r94tsXE=,https://www.xiaohongshu.com/explore/6a98beef000000001203f49d?xsec_token=YBdIlg2ytDDjlmQjKfjHADfC8RIqrZdhO0_WM9r94tsXE=&xsec_source=app_note
2026-07-02,TCF Canada,TCF CA Tâche 2别再死背问题！8个高分技巧,很多人觉得Tâche 2 背背问题清单就行了。这种想法大错特错！ 它真正考的是你能不能用法语完成一次自然的日常交流。 以,52,75,4,11,图文,朝阳区潜力富婆,https://sns-na-i11.xhscdn.com/notes_pre_post/1040g3k032249hvih720g5ph4v6shommhi694q1g?imageView2/2/w/1440/format/webp&ap=5&sc=SRH_DTL&sign=cf70c519a485c0f8c1ed0af8054b5a4e&t=6aa5461f,,6a46410c000000001101b8c3,YBH-LpUlYbfC6iJm37nwguVLnCJ4EWelkxWXYpyXJvFCc=,https://www.xiaohongshu.com/explore/6a46410c000000001101b8c3?xsec_token=YBH-LpUlYbfC6iJm37nwguVLnCJ4EWelkxWXYpyXJvFCc=&xsec_source=app_note
2026-03-30,TCF Canada,TCF Canada 口语写作进阶攻略#2,虚拟式作为法语的最高级语法之一，如果考生能够在口语写作中准确地使用，那它一定能帮助你获得b2及更高的成绩。下面列举一些我,55,73,2,13,图文,下头女安托瓦内特,https://sns-na-i11.xhscdn.com/1040g00831ub8ha202g005p9gj28qjb4phvlhtlg?imageView2/2/w/1440/format/webp&ap=5&sc=SRH_DTL&sign=a45b6e405d233a8c9eef829711fdc669&t=6aa54543,,69ca51a2000000002102c7d6,YB-kIz8uNnmPC8pDBcwcEvqcTb7liJK3yfs9wAIYN-xq8=,https://www.xiaohongshu.com/explore/69ca51a2000000002102c7d6?xsec_token=YB-kIz8uNnmPC8pDBcwcEvqcTb7liJK3yfs9wAIYN-xq8=&xsec_source=app_note
2025-12-25,TCF Canada,🇨🇦TCF Canada备考-写作篇,恭喜这个小女孩二战tcf ca上岸 在昨天/平安夜收到了最佳圣诞礼物！🎄 今天做一回学习博主 篇幅有限，先和大家分享下,65,66,21,11,图文,啵啵水芹菜儿,https://sns-na-i11.xhscdn.com/1040g2sg31qt9tval00eg5n2if7j41jqq2n8d1v8?imageView2/2/w/1440/format/webp&ap=5&sc=SRH_DTL&sign=41d9742ee39880a3935b0417d7f536c2&t=6aa54543,,694d4f62000000001e032691,YBdBov3aJN_SR9jlKouW_tYUzVzsIMW8t1qsdzRISUVmg=,https://www.xiaohongshu.com/explore/694d4f62000000001e032691?xsec_token=YBdBov3aJN_SR9jlKouW_tYUzVzsIMW8t1qsdzRISUVmg=&xsec_source=app_note
2024-11-08,TEF Canada,TEF Canada 我的通关秘籍总结,#想记录下此刻  在蒙村考了三次tef canada终于成了！ [哇R][哇R][哇R][哇R][哇R] 感觉这不仅是一,58,69,16,18,图文,炫酷小宝🐷,https://sns-na-i11.xhscdn.com/1040g2sg319u1eijc7e805n6mn3akhuskmos117o?imageView2/2/w/1440/format/webp&ap=5&sc=SRH_DTL&sign=239b7af5fcbf539657eb2e61e0134d82&t=6aa54636,,672d6a30000000003c0179d2,YBCpLOdSPgnu4fKYHMFL_zB_Ar0__LY-BhR8kLa0AWftg=,https://www.xiaohongshu.com/explore/672d6a30000000003c0179d2?xsec_token=YBCpLOdSPgnu4fKYHMFL_zB_Ar0__LY-BhR8kLa0AWftg=&xsec_source=app_note
2026-05-10,TEF Canada,TCF Canada法语外教示范，口语3压力的作用,第一层可以讲“动力”： Le stress peut motiver les personnes à travaille,85,55,7,15,视频,西舟法语TCF Canada和PTE core,https://sns-na-i11.xhscdn.com/spectrum/1040g0k032008ckf0l4005n6pjcqm3069pjb1etg?imageView2/2/w/1440/format/webp&ap=5&sc=SRH_DTL&sign=c265766d2eedd6efb8a095329c567193&t=6aa54636,,6a009550000000003601d8c7,YBtkH-WRzghEDEQohv8bbfu0fNjE5eYwQYLjyIB0A-BTY=,https://www.xiaohongshu.com/explore/6a009550000000003601d8c7?xsec_token=YBtkH-WRzghEDEQohv8bbfu0fNjE5eYwQYLjyIB0A-BTY=&xsec_source=app_note
2025-12-06,TEF Canada,TCF Canada vs TEF Canada 到底有什么区别？,简单聊一下 最近被问到的比较多的问题，到底考 TCF Canada 还是 TEF Canada 比较容易？/ 两个考试都,65,64,6,12,图文,什么时候可以不学习,https://sns-na-i11.xhscdn.com/notes_pre_post/1040g3k031pnqj8gcku005oepke3gj0hk5artp20?imageView2/2/w/1440/format/webp&ap=5&sc=SRH_DTL&sign=8582cb922991078bda2142dd90a493ad&t=6aa54636,,6933595e000000001e03aada,YBDC7DAEexk4ZSBsPA-tAfLllqo9aib1C4k3BJfSqcmtk=,https://www.xiaohongshu.com/explore/6933595e000000001e03aada?xsec_token=YBDC7DAEexk4ZSBsPA-tAfLllqo9aib1C4k3BJfSqcmtk=&xsec_source=app_note
2026-06-04,TCF Canada,TCF Canada T3口语冲CLB7🔥5段式模版示范,#法语  #法语考试  #tcfcanada备考  #法语老师  #tcfcanada  #clb7  #法语b,77,57,0,5,视频,达可法语D'accord上岸版,https://sns-na-i11.xhscdn.com/spectrum/1040g34o321070fbbn01g5p5qm0j57jrom79ifoo?imageView2/2/w/1440/format/webp&ap=5&sc=SRH_DTL&sign=2400c610015ab37478085cdc7d61494b&t=6aa54543,,6a214e5100000000080264a1,YBVOCGCRKPHZDALQW6UbG01lZ9gOzdhwec4TsVQp1bmig=,https://www.xiaohongshu.com/explore/6a214e5100000000080264a1?xsec_token=YBVOCGCRKPHZDALQW6UbG01lZ9gOzdhwec4TsVQp1bmig=&xsec_source=app_note
2026-04-17,TCF Canada,全网首发 | TCF CA🇨🇦 纸笔考卷到底长啥样,备考 TCF Canada 的过程里，我一直没找到纸笔考的试卷到底长什么样。 网上基本只有答题卡样式（因为和 TCF T,63,64,2,17,图文,z.f.,https://sns-na-i11.xhscdn.com/notes_pre_post/1040g3k031v2i9dtuhu004a6l9i1pmv5gjck0rt8?imageView2/2/w/1440/format/webp&ap=5&sc=SRH_DTL&sign=d02df1c781da4b7405c6f401fcc22521&t=6aa54543,,69e22f9f000000002200d46b,YB8Vh_kNalWdQ7t-k_qtp0egxaU4rexwXGqzTHhrUYR-Q=,https://www.xiaohongshu.com/explore/69e22f9f000000002200d46b?xsec_token=YB8Vh_kNalWdQ7t-k_qtp0egxaU4rexwXGqzTHhrUYR-Q=&xsec_source=app_note
2026-07-26,TCF备考,在职法语学习⏳两个月成果结算 初步完成a2,（初步完成指完成a2网课 不知不觉已经学习了整整两个月了~用app记录的时长大概是223h！ 具体进度如下： ✅网课：你,57,66,5,3,图文,Mantou,https://sns-na-i11.xhscdn.com/note_pre_post_uhdr/1040g3r032337a5me7k505qd5hlf7bd9un9dp1o0?imageView2/2/w/1440/format/webp&ap=5&sc=SRH_DTL&sign=456443d4421a6f5c5b2d73fbe7a3873a&t=6aa54653,,6a65f160000000001d023c5f,YBUoWsYHRS_VyFdBG-CkIH3tvTaif0ZxfdICj883v3B-E=,https://www.xiaohongshu.com/explore/6a65f160000000001d023c5f?xsec_token=YBUoWsYHRS_VyFdBG-CkIH3tvTaif0ZxfdICj883v3B-E=&xsec_source=app_note
2025-07-06,TEF Canada,TCF Canada 35岁中年少男之所感,感恩自己选择了法语这条路，并且坚持了下来。 无数个夜晚，刷题刷到怀疑人生。一闭眼大脑就开始构思法语小作文，大脑根本无法关,95,46,20,8,图文,momo,https://sns-na-i11.xhscdn.com/1040g2sg31jjgqaoa367g5n5ko0hluiosgabb2oo?imageView2/2/w/1440/format/webp&ap=5&sc=SRH_DTL&sign=0906d0dc08c4c0cef21023b34e25ff09&t=6aa54636,,686a5c3f000000000b02d40c,YBmQUxtSBENcBFOpa6xptWCiXGGSgahp_ria4ZpHTICsI=,https://www.xiaohongshu.com/explore/686a5c3f000000000b02d40c?xsec_token=YBmQUxtSBENcBFOpa6xptWCiXGGSgahp_ria4ZpHTICsI=&xsec_source=app_note
2026-04-11,TCF备考,👍考过的人来说一下，TCF CA备考的底层逻,🇨🇦TCF CA备考这件事，我最近越学越有一个很深的感受：如果你的目标是法语移民，是想尽快把 TCF Canada,61,63,12,11,图文,呜呜奶爸在加拿大,https://sns-na-i11.xhscdn.com/oss-sg/notes/1040g3l031upu8a4u782g5qbnriepnccj3fmggt0?imageView2/2/w/1440/format/webp&ap=5&sc=SRH_DTL&sign=7313342c74c586ebe8e7b808dacc9338&t=6aa54653,,69d9586b000000002903c48b,YBbZNdYpJaQaIAqriKJhl_41Oiaa5Pw88qk4Qewzv1mb4=,https://www.xiaohongshu.com/explore/69d9586b000000002903c48b?xsec_token=YBbZNdYpJaQaIAqriKJhl_41Oiaa5Pw88qk4Qewzv1mb4=&xsec_source=app_note
2026-08-28,TEF Canada,0基础冲法语EE,最近刚开始学法语 目前进度：刚把发音规则学完 然后我就卡住了…… 现在手里有《你好！法语》，本来想直接跟着教材往下学，但,66,60,33,8,图文,杨开心,https://sns-na-i11.xhscdn.com/notes_pre_post/1040g3k0324djt6esnu005nsne7m080onjt8etp0?imageView2/2/w/1440/format/webp&ap=5&sc=SRH_DTL&sign=8c0b63a3b37095dbeb1fa62606998560&t=6aa54636,,6a9155cc000000002503810f,YBuob7hM_uFxfh4qAGTB0gawCkMQyi_KVUwNgNLTb8n5g=,https://www.xiaohongshu.com/explore/6a9155cc000000002503810f?xsec_token=YBuob7hM_uFxfh4qAGTB0gawCkMQyi_KVUwNgNLTb8n5g=&xsec_source=app_note
2026-08-01,TEF Canada,EE法语通道究极指南之BASIC TODO LIST,这篇是你一开始就得知道的内容，整个法语通道整体需要多久？有哪些要做？ 已经有法语基础、材料也比较顺利的人，可能几个月内能,52,67,1,13,图文,邪恶小比,https://sns-na-i11.xhscdn.com/notes_pre_post/1040g3k8323b55e4on0a05picb3e0u20k85npum8?imageView2/2/w/1440/format/webp&ap=5&sc=SRH_DTL&sign=e8b80186321f465194996d02bed9c337&t=6aa54642,,6a6e0bea000000003301af6e,YBaDnYG2Vv7vEH8MI2KmfvmA0LRn6KSx-xh3baFsa-kvM=,https://www.xiaohongshu.com/explore/6a6e0bea000000003301af6e?xsec_token=YBaDnYG2Vv7vEH8MI2KmfvmA0LRn6KSx-xh3baFsa-kvM=&xsec_source=app_note
2026-08-15,法语移民,25岁，成為加拿大永久居民,大信封到手，枫叶卡也如期收到。 从加拿大硕士毕业，到转战 EE 法语定向；从重新拾起法语，到入池3天收到 ITA——所有,138,24,47,9,图文,雨暘,https://sns-na-i11.xhscdn.com/notes_pre_post/1040g3k0323sdjn17nu6g5pli2dlnc793013tsi0?imageView2/2/w/1440/format/webp&ap=5&sc=SRH_DTL&sign=274acdd797a88aa467f3ed5d09844862&t=6aa54672,,6a7fba500000000008013f96,YBcYdCJ_BT_tJ7OdDz2dI2CeLgOXH8a0ZWkWeLUTe6Yg0=,https://www.xiaohongshu.com/explore/6a7fba500000000008013f96?xsec_token=YBcYdCJ_BT_tJ7OdDz2dI2CeLgOXH8a0ZWkWeLUTe6Yg0=&xsec_source=app_note
2026-08-09,TCF Canada,tcfca首考clb8口语篇下T2备考,本篇主要分享T2的备考。最近因为比较忙，所以一直没完成T2的更新。T2是法语口语考试的关键部分，备考的时候不要忽略这部分,51,67,4,8,图文,谢十一,https://sns-na-i11.xhscdn.com/notes_pre_post/1040g3k8323kum01f7kb05nud1k5g9274lmgp1bo?imageView2/2/w/1440/format/webp&ap=5&sc=SRH_DTL&sign=af7e9cd9a6b31848150c4dc152857c13&t=6aa5461f,,6a781e9f0000000033035319,YBiV89v2Q7ctwwwKr-w9WMRefTPj3l7Teu7BJg4SqFPeA=,https://www.xiaohongshu.com/explore/6a781e9f0000000033035319?xsec_token=YBiV89v2Q7ctwwwKr-w9WMRefTPj3l7Teu7BJg4SqFPeA=&xsec_source=app_note
2026-08-28,TCF备考,TCF CA备考| Italki老师推荐（1）,总共上过10位老师的课，以下评价全主观😆 🟥最推荐的老师： 1. Didier Cayre: ✅是这些老师里最了解考,51,67,3,5,图文,momo（法语考过版）,https://sns-na-i11.xhscdn.com/oss-ae/notes/1040g3ug324cramcajo004bbt0od6k83aeb415kg?imageView2/2/w/1440/format/webp&ap=5&sc=SRH_DTL&sign=cea653cb365ff61d6745fd7be255e072&t=6aa5465b,,6a909941000000000f03a000,YBKV_0oDElqVznuuDaicYmfq_Hs3u8TTPzd8pKasN9vjs=,https://www.xiaohongshu.com/explore/6a909941000000000f03a000?xsec_token=YBKV_0oDElqVznuuDaicYmfq_Hs3u8TTPzd8pKasN9vjs=&xsec_source=app_note
2026-09-03,TCF Canada,备考TCF Canada，死磕这些法语播客就对了,我常常告诉我的学生，在学法语期间，一定要全方面无死角地让自己的耳朵暴露在法语环境里面。 分享几个我真心觉得可以练耳朵的法,56,62,0,6,图文,Wendy在大温,https://sns-na-i11.xhscdn.com/oss-ae/notes_pre_post/1040g3v8324kis9i6iu005qdpko0pg7bsgtu1es8?imageView2/2/w/1440/format/webp&ap=5&sc=SRH_DTL&sign=9dd45c0e04f48d2bc4643e3229f71db2&t=6aa54543,,6a9878ae000000000e03f000,YBdIlg2ytDDjlmQjKfjHADfPb8CKiI_6nvXeDP_3n59E0=,https://www.xiaohongshu.com/explore/6a9878ae000000000e03f000?xsec_token=YBdIlg2ytDDjlmQjKfjHADfPb8CKiI_6nvXeDP_3n59E0=&xsec_source=app_note
2026-09-11,TCF备考,🇨🇦🇫🇷｜法语通道快速上岸（听阅篇纯技巧）,Hello大家好呀～这里是法语上岸pr的泡泡🫧🐰～承蒙大家厚爱上一篇的帖子流量还不错，主包信守承诺来继续分享法语备考,60,58,2,5,图文,泡泡好好睡觉🎀,https://sns-na-i11.xhscdn.com/oss-ae/notes_pre_post/1040g3v8324v8bmtu2g4049uttvmed02p67jfip8?imageView2/2/w/1440/format/webp&ap=5&sc=SRH_DTL&sign=8b0b66d1b03d0a420848b456c4249bf6&t=6aa54653,,6aa36ba6000000000f03a800,YBc_u1O70S7GFILGaIdSdAoJJVULt7jiiVnUq4OeXwD8A=,https://www.xiaohongshu.com/explore/6aa36ba6000000000f03a800?xsec_token=YBc_u1O70S7GFILGaIdSdAoJJVULt7jiiVnUq4OeXwD8A=&xsec_source=app_note
2026-06-03,TEF Canada,零基础法语学习及备考TCF Canada攻略（三）,B2备考冲刺阶段-口语篇 刚开始学的时候看了很多经验贴，发现最容易挂的是口语，所以在备考阶段，甚至更早，一定要花大量时间,41,67,8,8,图文,十一月的小葵,https://sns-na-i11.xhscdn.com/1040g2sg320udqok9nkl049v14123misfciqglj0?imageView2/2/w/1440/format/webp&ap=5&sc=SRH_DTL&sign=f8c2a3431f74953028135b3e8ee4bf55&t=6aa54642,,6a1f7a7700000000210088a3,YBpUhtTvJTmiudZwWGadmnD3ttoqvhbP_xv0iQ1UjVVnw=,https://www.xiaohongshu.com/explore/6a1f7a7700000000210088a3?xsec_token=YBpUhtTvJTmiudZwWGadmnD3ttoqvhbP_xv0iQ1UjVVnw=&xsec_source=app_note
2026-09-04,TCF备考,🇨🇦靠法语拿到PR后重新剖析TCF考试,终于收到卡了！几年前刚来到加拿大的时候，只觉得很多事情应该顺理成章。没想到真正走到pr这一步，还是花了半年多的时间，把法,69,52,4,12,图文,tcf下班啦,https://sns-na-i11.xhscdn.com/oss-ae/notes_pre_post/1040g3v8324mbnjj7j62g49jl1pni71hhej54r7o?imageView2/2/w/1440/format/webp&ap=5&sc=SRH_DTL&sign=bc77ccbb19665e6788dd9a2f3b12cbcc&t=6aa54653,,6a9a5982000000000e03f000,YBo9zuOHmze1iGAC7vB9EJYSgdcGGmHdVYOIknMhkyjqY=,https://www.xiaohongshu.com/explore/6a9a5982000000000e03f000?xsec_token=YBo9zuOHmze1iGAC7vB9EJYSgdcGGmHdVYOIknMhkyjqY=&xsec_source=app_note
2026-07-07,TCF备考,写给还在观望或不知道怎么备考TCF的大家,在开始学习前，对于未知的语言和考试，我也犹豫过一年多，哪怕知道这是不可避免的道路，但又因为害怕自己考不出来而一直不敢开始,51,61,13,7,图文,梨想主义,https://sns-na-i11.xhscdn.com/note_pre_post_uhdr/1040g3r8322aea9g4n47048nqnkm6irfsjhpve58?imageView2/2/w/1440/format/webp&ap=5&sc=SRH_DTL&sign=44900d2cd3358c6ad6a3bfa96ec4c345&t=6aa5465c,,6a4c8cfd000000001101364d,YBnnbVCfJD1D_dAXikr39RRqy7q7DToelvPAY-49-Xwc0=,https://www.xiaohongshu.com/explore/6a4c8cfd000000001101364d?xsec_token=YBnnbVCfJD1D_dAXikr39RRqy7q7DToelvPAY-49-Xwc0=&xsec_source=app_note
2026-06-03,TEF Canada,考TCF看这一个视频就够了（建议收藏）,今天花5分钟讲透TCF Canada：题型、时长、分值、题库逻辑全公开。 TCF是纯移民向考试，成绩有效期2年。目标明确,50,61,3,6,视频,是小房子呀,https://sns-na-i11.xhscdn.com/1040g008320ilgai4me2g5od6ta2k1rgm31lr90o?imageView2/2/w/1440/format/webp&ap=5&sc=SRH_DTL&sign=46865bae115d1a7bed4ef675b67cda66&t=6aa54642,,6a13713c000000003700d90a,YBOVWhuNpx5moZW7LQB71csxgn-agY-Kbfbvt_Ypzzm2E=,https://www.xiaohongshu.com/explore/6a13713c000000003700d90a?xsec_token=YBOVWhuNpx5moZW7LQB71csxgn-agY-Kbfbvt_Ypzzm2E=&xsec_source=app_note
2026-06-27,TCF备考,TCF 344 分 B1→C2 🇫🇷半年 5 考 经验,从首考 344 分刚过 B1，到总分 622 拿下 C2 听力 690、阅读 699满分 中间半年连考 5 次，踩坑无数,84,44,17,20,图文,Max Feng,https://sns-na-i11.xhscdn.com/spectrum/1040g34o321tdlnjc6u105o4nu4sg88uerpasf70?imageView2/2/w/1440/format/webp&ap=5&sc=SRH_DTL&sign=ae07648f58401b24dfe535071517ee88&t=6aa54653,,6a3f4e9a0000000021019185,YBe37eV5O4cbZiJCIP3yqaDgAI4Lc8WybQmod4iUfu-4A=,https://www.xiaohongshu.com/explore/6a3f4e9a0000000021019185?xsec_token=YBe37eV5O4cbZiJCIP3yqaDgAI4Lc8WybQmod4iUfu-4A=&xsec_source=app_note
2026-08-04,法语移民,🌈我真的气死，被反复河蟹的一篇,很多人不知道，加拿大承认男男女女伴侣。 上一篇我们提到了 Common-law Partner（同居伴侣），很多朋友都来,74,49,9,34,图文,嘎嘣脆大香蕉,https://sns-na-i11.xhscdn.com/1040g2sg323ee6ireg2105pnm41mncbdrpa1c1j8?imageView2/2/w/1440/format/webp&ap=5&sc=SRH_DTL&sign=605525799a7fe8e966856a0712b24847&t=6aa54677,,6a7173e10000000008010e9d,YBkPZ9Za-zpx1hpEP_RFuBU3ulmn4i4GScDusnVtueLPk=,https://www.xiaohongshu.com/explore/6a7173e10000000008010e9d?xsec_token=YBkPZ9Za-zpx1hpEP_RFuBU3ulmn4i4GScDusnVtueLPk=&xsec_source=app_note
2026-09-05,TEF Canada,加拿大法语工签的隐藏玩法？,现在大家一说学法语，基本想到的都是考TEF/TCF，四项冲NCLC 7，然后走EE法语类别。但如果你的目的不是马上拿身份,51,58,8,16,图文,加拿大的橙🍊,https://sns-na-i11.xhscdn.com/notes_pre_post/1040g3k8324n9atqs7u205o750rkg8vphnv35al8?imageView2/2/w/1440/format/webp&ap=5&sc=SRH_DTL&sign=dca53a1188c39516b7857e9d6d66d2de&t=6aa54642,,6a9b71e3000000001001e72b,YBRjcapGEOBF-NWaW_F3UihV2eGkBIx6GJeymcB-aF86E=,https://www.xiaohongshu.com/explore/6a9b71e3000000001001e72b?xsec_token=YBRjcapGEOBF-NWaW_F3UihV2eGkBIx6GJeymcB-aF86E=&xsec_source=app_note
2026-05-17,法语移民,"加拿大将发布未来移民规划, EE法语重点提及",IRCC开放了每年一度的移民问询，针对下一轮新的2027-2029规划，法语通道再次被提及 虽然说细节还需要等待几个月才,86,39,19,33,图文,猫哥教你说法语,https://sns-na-i11.xhscdn.com/notes_pre_post/1040g3k83208lo0o65i705pk36mnhot2ddue7ld0?imageView2/2/w/1440/format/webp&ap=5&sc=SRH_DTL&sign=e35d0ab4a6b1c70642de0efdc1d64c42&t=6aa54677,,6a093390000000003503aa25,YBvqNncSiWOUhblCuUfzeX8hRcyuUPX4Qj-tamFve5hv0=,https://www.xiaohongshu.com/explore/6a093390000000003503aa25?xsec_token=YBvqNncSiWOUhblCuUfzeX8hRcyuUPX4Qj-tamFve5hv0=&xsec_source=app_note
2026-06-24,TEF Canada,TCF：堪比人生小高考,考了五次终于过了，在小红书人均1次2次过的经验成绩下，也没想到最终要考5次。 但现实生活里见到考更多次的人也有，只能说这,88,36,50,14,图文,海刀豆公主👑,https://sns-na-i11.xhscdn.com/notes_pre_post/1040g3k8321pj17p0ms705n0lotp1hjdmqbu5480?imageView2/2/w/1440/format/webp&ap=5&sc=SRH_DTL&sign=8d6980f90bd8baa3ce605ac75fb9e151&t=6aa54636,,6a3b4cbd0000000011004493,YBb--rHpCKB0buk_qqUXj8IyPfkzou8SErr0k_luKtbUY=,https://www.xiaohongshu.com/explore/6a3b4cbd0000000011004493?xsec_token=YBb--rHpCKB0buk_qqUXj8IyPfkzou8SErr0k_luKtbUY=&xsec_source=app_note
2026-08-10,法语移民,加拿大EE通道大改的几个高频问题,很多同学对于EE大改有疑问，猫哥这篇文章来讲一下大家问得最多的几个问题 1) 新EE体系下，加拿大以外的工作还能算进EE,73,43,14,16,图文,猫哥教你说法语,https://sns-na-i11.xhscdn.com/notes_pre_post/1040g3k8323mkrigq0m7g5pk36mnhot2d3k48rl8?imageView2/2/w/1440/format/webp&ap=5&sc=SRH_DTL&sign=4bcf3f75accf5421bf2864f29d10e98c&t=6aa54677,,6a79d07f00000000220142c1,YBHIXhgI_jwjCL7reMdkbPbmsY7zdOApofWUf1dE5iYlY=,https://www.xiaohongshu.com/explore/6a79d07f00000000220142c1?xsec_token=YBHIXhgI_jwjCL7reMdkbPbmsY7zdOApofWUf1dE5iYlY=&xsec_source=app_note
2026-09-11,TCF备考,TCF口语tâche2备考分享,最后15天我平均每天8h高强度备考，其中有大概5h是分给口语的。同时，整个备考过程中我主要用到了GPT；doc.goog,49,53,0,9,图文,momo,https://sns-na-i11.xhscdn.com/oss-ae/notes/1040g3ug324vu65qhjo0049n0bq3ihgrhh5nh6o0?imageView2/2/w/1440/format/webp&ap=5&sc=SRH_DTL&sign=06878f0d508c22c3069e24355a20fe89&t=6aa5465b,,6aa41d68000000000f039c00,YB2J4M3hKCkQ0Etqw6lNdDJeD4Y9b5ys8Z_uEmRpsLLXk=,https://www.xiaohongshu.com/explore/6aa41d68000000000f039c00?xsec_token=YB2J4M3hKCkQ0Etqw6lNdDJeD4Y9b5ys8Z_uEmRpsLLXk=&xsec_source=app_note
2026-05-06,TCF Canada,TCF Canada 口语3 ｜整容题目观点分享,📚 今天分享一道小编觉得“有点难”的 TCF 题 “De plus en plus de personnes font,50,52,2,16,图文,Lulu加拿大生活 (TCF备考中）,https://sns-na-i11.xhscdn.com/1040g00831vpt6odrkc004bupauup3m2867u6s2o?imageView2/2/w/1440/format/webp&ap=5&sc=SRH_DTL&sign=80067a8df060ec78dd25d6d6e2a3fa63&t=6aa5461f,,69fa144600000000360004be,YBXPkmb8P-h9zCCicJfsEbkL_nxUHBhYklM5Ft3kLH05E=,https://www.xiaohongshu.com/explore/69fa144600000000360004be?xsec_token=YBXPkmb8P-h9zCCicJfsEbkL_nxUHBhYklM5Ft3kLH05E=&xsec_source=app_note
2026-05-07,TCF备考,TCF口语任务2我当时反复用的10句,一年前准备TCF Canada口语的时候， 我做了一件很“偷懒”的事： 我没有去背各种场景的问题， 而是只记了一些固定的,37,58,0,9,图文,法语备考小本本,https://sns-na-i11.xhscdn.com/spectrum/1040g0k031vrdis7e560g4bhtl7mo2d7gfvcj2n0?imageView2/2/w/1440/format/webp&ap=5&sc=SRH_DTL&sign=ea9f236ccbb5c3f5178b015602af2b8b&t=6aa5465c,,69fba166000000001f002d5c,YBfR-KdKiF4H3VXfm4c2srE3NXtyAtAyQVgqnidZmi-XA=,https://www.xiaohongshu.com/explore/69fba166000000001f002d5c?xsec_token=YBfR-KdKiF4H3VXfm4c2srE3NXtyAtAyQVgqnidZmi-XA=&xsec_source=app_note
2026-08-05,TCF Canada,TCF CA 避免考点压分的真心建议,TCF Canada口语评分受考官个人偏好影响，同一水平考生在不同考点可能得分悬殊。建议考前找现任考官模拟，调整模板以适,44,54,18,17,图文,Tik法语邪修,https://sns-na-i11.xhscdn.com/notes_pre_post/1040g3k0323f4jjt102005prdbn263tj3hejsa0g?imageView2/2/w/1440/format/webp&ap=5&sc=SRH_DTL&sign=abf3a66c20ce76358dc18b980997924c&t=6aa5461f,,6a7223d5000000003302c82d,YBX4v2sLY4ycB08JuUF5kvTgePul2f-SqglPK86rog4P8=,https://www.xiaohongshu.com/explore/6a7223d5000000003302c82d?xsec_token=YBX4v2sLY4ycB08JuUF5kvTgePul2f-SqglPK86rog4P8=&xsec_source=app_note
2026-08-19,TEF Canada/法语移民,法语EE今天382了……,French-Language proficiency 5000个邀请 最低CRS：382 上一轮都已经391了，这轮又,69,41,29,68,图文,Coco老师的PTE和TCF之旅,https://sns-na-i11.xhscdn.com/notes_pre_post/1040g3k832429bpr07uag4a5b6cb5mv9ob4vl5l8?imageView2/2/w/1440/format/webp&ap=5&sc=SRH_DTL&sign=eeb355dc4dd429fb6015bdb1e75b09ff&t=6aa54636,,6a85d2ca000000002701df57,YBD0fdL0v6jhjpEFi1zXula6rS5el5F6f5xgYN0YvEcng=,https://www.xiaohongshu.com/explore/6a85d2ca000000002701df57?xsec_token=YBD0fdL0v6jhjpEFi1zXula6rS5el5F6f5xgYN0YvEcng=&xsec_source=app_note
2026-07-30,TCF Canada,TCF Canada法语口语1打卡:高效自我介绍,TCF Canada口语Tâche 1：自我介绍拒绝平铺直叙，三组高分表达直接套用 在自我介绍中，如何在两分钟内展现地道,46,51,3,6,视频,西舟法语TCF Canada和PTE core,https://sns-na-i11.xhscdn.com/spectrum/1040g34o323767cvbmu105n6pjcqm3069nu0i0i0?imageView2/2/w/1440/format/webp&ap=5&sc=SRH_DTL&sign=f83cc9c503fffb0f15b245605437aca9&t=6aa5461f,,6a69fe69000000000e0352eb,YBIHlOjL394__j7v8z5HoIMpO2WRPAXubzPUSApJLYgg4=,https://www.xiaohongshu.com/explore/6a69fe69000000000e0352eb?xsec_token=YBIHlOjL394__j7v8z5HoIMpO2WRPAXubzPUSApJLYgg4=&xsec_source=app_note
2026-05-21,TCF Canada,TCF Canada 口语T3考场高频追问问题,以下内容由考生回忆整理汇总。 大家若有补充考官提问得内容，可以告诉栗子老师，栗子老师会定期统一整理更新。 1. Pour,42,53,0,18,图文,加拿大TCFCA 法语栗子老师,https://sns-na-i11.xhscdn.com/1040g2sg320d7lv5cmeg05ouie8r9iao0f3b6vu8?imageView2/2/w/1440/format/webp&ap=5&sc=SRH_DTL&sign=37d55e501e71272fb72a919be51f3d1d&t=6aa5461f,,6a0de30d00000000370375a1,YBcx6stFIYHX6McJQeCywCeMCFxcgtwMD67Go9mkEN5M8=,https://www.xiaohongshu.com/explore/6a0de30d00000000370375a1?xsec_token=YBcx6stFIYHX6McJQeCywCeMCFxcgtwMD67Go9mkEN5M8=&xsec_source=app_note
2026-09-11,TCF备考,TCF口语tâche1备考分享,之前口语两次卡9，最后一次意外获得13分，这个结果还是让我感到很惊喜的。口语的提高不仅需要投入大量的时间，更需要科学的学,40,54,0,8,图文,momo,https://sns-na-i11.xhscdn.com/oss-ae/notes/1040g3ug324vsl4lgjk0049n0bq3ihgrhn48ec1g?imageView2/2/w/1440/format/webp&ap=5&sc=SRH_DTL&sign=a3bedc977ff2159d943ab1652543628c&t=6aa5465b,,6aa40c87000000000e03c800,YB2J4M3hKCkQ0Etqw6lNdDJeJp2dY_m9zWZm9-q2cFkvo=,https://www.xiaohongshu.com/explore/6aa40c87000000000e03c800?xsec_token=YB2J4M3hKCkQ0Etqw6lNdDJeJp2dY_m9zWZm9-q2cFkvo=&xsec_source=app_note
2025-10-13,TEF Canada,我的法语TCF一次通過啦！,🎉捷報 TCF Canada #tcf  首考全項高分通過🎉 半年的時間苦學和準備，皇天不負苦心人！ 由衷感謝老師的,90,28,30,13,图文,雨暘,https://sns-na-i11.xhscdn.com/notes_pre_post/1040g3k831nigmd3fmmbg5pli2dlnc793rip5b5g?imageView2/2/w/1440/format/webp&ap=5&sc=SRH_DTL&sign=10a84da3eba140fd3ed43fdbdc5f490a&t=6aa54636,,68ec5e82000000000300eed4,YB0K4Vg2-zzuhyi5WKyKFQSOVFM7lx-Nawmp-0k9iRl_g=,https://www.xiaohongshu.com/explore/68ec5e82000000000300eed4?xsec_token=YB0K4Vg2-zzuhyi5WKyKFQSOVFM7lx-Nawmp-0k9iRl_g=&xsec_source=app_note
2026-08-23,TCF备考,TCF Canada备考工具｜App测评 分享一下我备考TCF Canada期间用过的一些App。有些是直接用来学法语的,TCF Canada备考工具｜App测评 分享一下我备考TCF Canada期间用过的一些App。有些是直接用来学法语的,39,53,0,1,图文,没想好起什么名字15566,https://sns-na-i11.xhscdn.com/notes_pre_post/1040g3k83246sdg2i7k9g5ogpssm0kc4s1mhsd2o?imageView2/2/w/1440/format/webp&ap=5&sc=SRH_DTL&sign=55667d04411bdc8c9e3e6995def4ef34&t=6aa5465c,,6a8a84bf000000001700ac1b,YBHLGoarKshzS7aiMmYfQxM39pp8Zld487LDyGX5JZUTY=,https://www.xiaohongshu.com/explore/6a8a84bf000000001700ac1b?xsec_token=YBHLGoarKshzS7aiMmYfQxM39pp8Zld487LDyGX5JZUTY=&xsec_source=app_note
2025-04-13,TEF Canada,TEF CANADA 资历平凡的0基础到CLB7自学（七,有问题可以留言，而不是私信，我会尽力解答，我们的提问和回答也许会对其他人有帮助。 关于学法语的心态： 每当我觉得想放弃的,38,53,9,4,图文,Un_Grand_Arbre,https://sns-na-i11.xhscdn.com/spectrum/1040g0k031g6dm8r81c0049psvr6q94in75hp5f8?imageView2/2/w/1440/format/webp&ap=5&sc=SRH_DTL&sign=8858d1ebed8058da2afd1e52b0e26037&t=6aa54642,,67faa1490000000007036c1b,YBQTUyhMc3e6zH0ErdRynaCS7yRxakmrdi6J1ZR71RlzA=,https://www.xiaohongshu.com/explore/67faa1490000000007036c1b?xsec_token=YBQTUyhMc3e6zH0ErdRynaCS7yRxakmrdi6J1ZR71RlzA=&xsec_source=app_note
2026-09-09,TCF备考,TCFCA 整体规划①：前5个月怎么学,上一篇发完后，问得最多的两个问题就是： “学了多少小时”和“如何规划” 先说时间，我没有精确计时，但粗算大概1000小时,52,46,3,6,图文,Celine｜TCF在职备考,https://sns-na-i11.xhscdn.com/oss-ae/spectrum/1040g440324sf0qoijo005pre3t663ughffejai8?imageView2/2/w/1440/format/webp&ap=5&sc=SRH_DTL&sign=6c7eb4982d099bf29ee0a3dbbbed8cac&t=6aa54653,,6aa08b1c000000000e03c000,YBYNA0bYPzX54eDQk_QbkCfTT0pWRyQYdxxRgitO281Ms=,https://www.xiaohongshu.com/explore/6aa08b1c000000000e03c000?xsec_token=YBYNA0bYPzX54eDQk_QbkCfTT0pWRyQYdxxRgitO281Ms=&xsec_source=app_note
2026-07-06,TEF Canada,加拿大法语工签，不需要法语成绩了,🔥🔥🔥2026年，加拿大移民局继续降低法语工签的语言要求：从原来的“听说读写都达到CLB 5”改成→“听说达到CL,43,50,5,97,图文,顺景移民,https://sns-na-i11.xhscdn.com/spectrum/1040g0k03228vm30rn4005ns7j7k08ao57sm8560?imageView2/2/w/1440/format/webp&ap=5&sc=SRH_DTL&sign=64f0ebeac1fde880b8fe5a7a50b19483&t=6aa54642,,6a4b0e27000000000702f030,YBdyzJTImPIfMz0ISuGnRVaVTLLbckbdt3miy2f0Ur6aI=,https://www.xiaohongshu.com/explore/6a4b0e27000000000702f030?xsec_token=YBdyzJTImPIfMz0ISuGnRVaVTLLbckbdt3miy2f0Ur6aI=&xsec_source=app_note
2026-07-20,TCF Canada,拒绝Tcf canada口语卡9！,《为什么考官不给你B2第一期：B1考生回答问题，B2考生“发展话题”》 #tcfcanada备考  #TCF加拿大,39,51,3,10,视频,Aurélie陪跑Tcf Canada,https://sns-na-i11.xhscdn.com/1040g2sg322r0udn9nuk05q19eisj98sqvpbis10?imageView2/2/w/1440/format/webp&ap=5&sc=SRH_DTL&sign=25a8fdcb89c99669f25261805a2b305e&t=6aa5461f,,6a5d8848000000000301de3a,YBCaCfsk-1MnFa0cYJntUSoREsb_lX5VNlVqAUCGi5w60=,https://www.xiaohongshu.com/explore/6a5d8848000000000301de3a?xsec_token=YBCaCfsk-1MnFa0cYJntUSoREsb_lX5VNlVqAUCGi5w60=&xsec_source=app_note
2026-09-01,TCF Canada,TCF Canada西舟法语口语1打卡第12天,TCF Canada口语Tâche 1：自我介绍拒绝套路，餐饮与厨师行业高分表达 1. 表达“28岁，在西班牙特色餐厅当,54,43,0,1,视频,西舟法语TCF Canada和PTE core,https://sns-na-i11.xhscdn.com/spectrum/1040g34o324he1bpcn2105n6pjcqm30693tlosso?imageView2/2/w/1440/format/webp&ap=5&sc=SRH_DTL&sign=6d5ca1d5e98c93c5a5608be5d19bfade&t=6aa54543,,6a953e6e00000000040087f0,YBj-sXyqlOMBJP2fjZY0v2Lm6pGgptlN15dqutuAqZwTo=,https://www.xiaohongshu.com/explore/6a953e6e00000000040087f0?xsec_token=YBj-sXyqlOMBJP2fjZY0v2Lm6pGgptlN15dqutuAqZwTo=&xsec_source=app_note
2026-08-04,TEF Canada,首考过了，TCF CANADA分手！,口语三抽到最怕的题，讲得嘴唇都在颤抖，忘记遵循结构举例也举得很少，以为大翻车我真的担心了很久😭 还以为要等法国人放完假,85,27,34,12,图文,小小饼咪,https://sns-na-i11.xhscdn.com/notes_pre_post/1040g3k8323edu9ru7u7046rmaqko86hnugtbh5g?imageView2/2/w/1440/format/webp&ap=5&sc=SRH_DTL&sign=0b60f48d0aaee4bec2e265ef3caf2b68&t=6aa54636,,6a7166d30000000033008229,YBwRUhTzWLZbrEuWUxYXuTLib_Fmw74JrRG4weQuv716k=,https://www.xiaohongshu.com/explore/6a7166d30000000033008229?xsec_token=YBwRUhTzWLZbrEuWUxYXuTLib_Fmw74JrRG4weQuv716k=&xsec_source=app_note
2026-07-04,TCF备考,TCF刷题记录---听力A1级别1️⃣,整日搞口语实在是耗尽了CPU 于是开始刷题缓缓[扶额R] 📝A1级别题目01-30 第一遍：做题+精听+查词 第二遍,48,45,13,5,图文,一只momo(发疯学法语版,https://sns-na-i11.xhscdn.com/oss-sg/notes_pre_post/1040g3mo32267em3r7e4g5qdcufg9g71lqj09r7g?imageView2/2/w/1440/format/webp&ap=5&sc=SRH_DTL&sign=030587c80a24fb2d36e59f9e3e07ac68&t=6aa5465c,,6a486687000000000e038400,YBR_KDN8PYBdWTpfz6WaSAvGuQlTZR-mE6nYyIl19Xh1g=,https://www.xiaohongshu.com/explore/6a486687000000000e038400?xsec_token=YBR_KDN8PYBdWTpfz6WaSAvGuQlTZR-mE6nYyIl19Xh1g=&xsec_source=app_note
2025-10-21,TEF Canada,🇨🇦TEF CANADA口语备考，如何说服考官,今天我们要来聊聊TEF CANADA考试中许多同学觉得最具挑战性的部分——口语考试中的 Section B[暗中观察R,49,44,4,10,视频,iciNathalie,https://sns-na-i11.xhscdn.com/spectrum/1040g0k031nte5jcc4u0045h497g6j7icojedco0?imageView2/2/w/1440/format/webp&ap=5&sc=SRH_DTL&sign=0b71dc317fd33360c839ddc5e3cdaaad&t=6aa54642,,68f78ec00000000007022c17,YB0u_dc_o-_ksXVLThtzoUxPDc33ttCD2ig6DtYX7inok=,https://www.xiaohongshu.com/explore/68f78ec00000000007022c17?xsec_token=YB0u_dc_o-_ksXVLThtzoUxPDc33ttCD2ig6DtYX7inok=&xsec_source=app_note
2026-06-14,TEF Canada,一个超大龄Tcf canada的经历 成绩上有生日,一个近似加拿大的绝缘体，曾经在这条路上煎熬，没有语言天赋，相信小时定律，有幸一路考友陪伴。 说自己年过半百也并不夸张，我,74,31,26,18,图文,加版杂货铺,https://sns-na-i11.xhscdn.com/notes_pre_post/1040g3k8321cvmubqmu705qejoqacjbk2uqji4do?imageView2/2/w/1440/format/webp&ap=5&sc=SRH_DTL&sign=5e6ee9dead4d4a445544c6b8a001327c&t=6aa54636,,6a2e68aa0000000035024f29,YBmOIyr7tlg_K_U7twr5nqm4jDGSdV1V1DGCzABqyYDj4=,https://www.xiaohongshu.com/explore/6a2e68aa0000000035024f29?xsec_token=YBmOIyr7tlg_K_U7twr5nqm4jDGSdV1V1DGCzABqyYDj4=&xsec_source=app_note
2026-08-20,TEF Canada,法语EE工作经验要求！立刻收藏！ 很多想通过法语走加拿大EE（Express Entry）快速通道的小伙伴，最关心的问题,法语EE工作经验要求！立刻收藏！ 很多想通过法语走加拿大EE（Express Entry）快速通道的小伙伴，最关心的问题,40,48,6,3,图文,FrenchToPR 攻略,https://sns-na-i11.xhscdn.com/spectrum/1040g0k03242v7474gm005qg7mjo0ft01sp5r3r8?imageView2/2/w/1440/format/webp&ap=5&sc=SRH_DTL&sign=d669371cba9bf8d0bcd34c6b197c706e&t=6aa54642,,6a866eaa000000001402af56,YB67xr0b94AUkLVtz4nTvV6th65oYYJ706tSvTtxKrNSE=,https://www.xiaohongshu.com/explore/6a866eaa000000001402af56?xsec_token=YB67xr0b94AUkLVtz4nTvV6th65oYYJ706tSvTtxKrNSE=&xsec_source=app_note
2026-07-25,TCF Canada,🇨🇦 TCFCanada暴力上分攻略,我发现很多同学备考TCF Canada并不是不努力，而是太容易乱学。 每天背单词、看视频、存资料，感觉一直在学习，但一做,41,47,0,9,图文,比利法语说（移民篇）,https://sns-na-i11.xhscdn.com/notes_pre_post/1040g3k03230trdf77o005q751aadt3ca094joi0?imageView2/2/w/1440/format/webp&ap=5&sc=SRH_DTL&sign=432ae9759351603928321f208eef403a&t=6aa5461f,,6a63a95a0000000006013c6b,YBnRkvALzMsFe0Lan0xeMv6vUrDOvUWFnPnu9NG5mgWY0=,https://www.xiaohongshu.com/explore/6a63a95a0000000006013c6b?xsec_token=YBnRkvALzMsFe0Lan0xeMv6vUrDOvUWFnPnu9NG5mgWY0=&xsec_source=app_note
2025-07-13,TCF Canada,TCF Canada 听力test38 新增17道新题分享,chez-tcfcanada.online 图片为部分新题 【去重题库新增】 第36题-39题：新增2题 第30题,40,47,5,17,图文,Chez-TCFCA,https://sns-na-i11.xhscdn.com/spectrum/1040g34o31js8um1kj6005osdk4tnqibnsqevg4g?imageView2/2/w/1440/format/webp&ap=5&sc=SRH_DTL&sign=09ebfcff434438540d388021adf63d79&t=6aa5461f,,68734b790000000024008cfc,YBT_e28IfxeJBIxr1dd3xZ05-gjqa-OfbfZh_nH5H63eQ=,https://www.xiaohongshu.com/explore/68734b790000000024008cfc?xsec_token=YBT_e28IfxeJBIxr1dd3xZ05-gjqa-OfbfZh_nH5H63eQ=&xsec_source=app_note
2026-08-01,法语移民,怕学完法语还是没能成功上岸？要赌一把吗,最近很多姐妹问我： “听说法语加分可能取消？” “法语通道以后会不会关闭？” “如果学了一年法语，还是移民失败怎么办,86,24,25,5,图文,嘎嘣脆大香蕉,https://sns-na-i11.xhscdn.com/notes_pre_post/1040g3k0323aqnve9g2fg5pnm41mncbdrikp4lfo?imageView2/2/w/1440/format/webp&ap=5&sc=SRH_DTL&sign=2305e17fdb28c8d02756419e430792f1&t=6aa54677,,6a6dffb00000000022032128,YB4uLWCOXyIMx4via0nFYWiPVzajdltzPU4nzfX40triQ=,https://www.xiaohongshu.com/explore/6a6dffb00000000022032128?xsec_token=YB4uLWCOXyIMx4via0nFYWiPVzajdltzPU4nzfX40triQ=&xsec_source=app_note
2026-04-13,TCF Canada,🇨🇦TCF Canada成功上岸时间线分享|零基础,🔹 2025.11.1 那时候非常焦虑，很想立刻去考试，但理智告诉我，听力阅读需要至少 1 个月的集中刷题时间,53,39,4,8,图文,321,https://sns-na-i11.xhscdn.com/notes_pre_post/1040g3k831usp88l91ubg48h61po8em778rb6tn8?imageView2/2/w/1440/format/webp&ap=5&sc=SRH_DTL&sign=a49cdf1b1697d523f795963d921cac91&t=6aa5461f,,69dc438d000000001d01f465,YBmftZdzCW9StgEJuVnZWigqwbuydVFR-gg9csW5Jg6Uk=,https://www.xiaohongshu.com/explore/69dc438d000000001d01f465?xsec_token=YBmftZdzCW9StgEJuVnZWigqwbuydVFR-gg9csW5Jg6Uk=&xsec_source=app_note
2026-09-08,TEF Canada/TCF备考,字节在职 我用6个月从0基础考到TCF CLB7 下,接上篇。 当时我最后能控制的，只有一件事：学法语，所以2025年7月18日，我正式从0开始学法语，而且我当时还有一个很现,60,34,28,11,图文,Celine｜TCF在职备考,https://sns-na-i11.xhscdn.com/oss-ae/spectrum/1040g440324rf4cpejk005pre3t663ugh7qu1lm0?imageView2/2/w/1440/format/webp&ap=5&sc=SRH_DTL&sign=543656a2195c49b66d4234a4279ddebd&t=6aa54636,,6a9f84fd000000000f039800,YBNKfXQzXfn-s85fuSKpIsgjThXo4rnFH_6dpfaZCGwwE=,https://www.xiaohongshu.com/explore/6a9f84fd000000000f039800?xsec_token=YBNKfXQzXfn-s85fuSKpIsgjThXo4rnFH_6dpfaZCGwwE=&xsec_source=app_note
2026-07-07,TCF Canada,TCF CA口语2｜条件式用这些就够了!,#tcf备考  #法语零基础学习  #加拿大法语,32,46,0,9,图文,懂一点法语的阿樂,https://sns-na-i11.xhscdn.com/notes_pre_post/1040g3k0322a6n4oh7u004bum2euqtr4cm9o8n0o?imageView2/2/w/1440/format/webp&ap=5&sc=SRH_DTL&sign=aa552c13f9a50784a28966c53f9163e1&t=6aa5461f,,6a4c540b0000000021009588,YB9RSq_NgO-VotnErfdmPtT3d9CfBnhHhcOB3OI5_1Ejg=,https://www.xiaohongshu.com/explore/6a4c540b0000000021009588?xsec_token=YB9RSq_NgO-VotnErfdmPtT3d9CfBnhHhcOB3OI5_1Ejg=&xsec_source=app_note
2026-08-04,TCF备考,加拿大留子法语TCF首考上岸（零基础9个月）,成绩如图 时间线： 2025年10月份：还在犹豫要不要学法语，考法语。因为本身还有一点工作没有处理完。 2025年11月,51,36,13,11,图文,英法双语J老师,https://sns-na-i11.xhscdn.com/spectrum/1040g0k0323evljjc6u705ojd6ee8ca66ktp904g?imageView2/2/w/1440/format/webp&ap=5&sc=SRH_DTL&sign=d4e997405d9e4f9033a8eba8621b101a&t=6aa5465b,,6a7200d50000000005030048,YB_12PMOk3NDMHmw1bNNuNNtP2wYYtHxaYlkj8qjm02dg=,https://www.xiaohongshu.com/explore/6a7200d50000000005030048?xsec_token=YB_12PMOk3NDMHmw1bNNuNNtP2wYYtHxaYlkj8qjm02dg=&xsec_source=app_note
2026-09-09,TCF Canada,TCF Canada必背！38个超实用法语短句①,🇫🇷 TCF Canada法语口语｜38个高频短句① 如果你正在准备 TCF Canada / TEF Canada,37,42,1,3,视频,Shia,https://sns-na-i11.xhscdn.com/1040g008324tcp6fdis005p1jsdpjb1qi04eokt8?imageView2/2/w/1440/format/webp&ap=5&sc=SRH_DTL&sign=157d55b26ddbf1d116f9d8fe1b502d97&t=6aa5461f,,6aa17ba5000000002700a4e5,YBMrQxQxQW0f3wyMNaQXj63l99kUQwv8QeBol-KmEWkjU=,https://www.xiaohongshu.com/explore/6aa17ba5000000002700a4e5?xsec_token=YBMrQxQxQW0f3wyMNaQXj63l99kUQwv8QeBol-KmEWkjU=&xsec_source=app_note
2026-08-20,TEF Canada/TCF备考,TCF Canada 备考｜口语外教测评,我在备考期间上了150多节课，其中preply平台有90多个小时，italki上63多节课。因为本人很贫穷所以没尝试过很,35,43,5,10,图文,没想好起什么名字15566,https://sns-na-i11.xhscdn.com/1040g2sg3242t43i60a705ogpssm0kc4su5th8a8?imageView2/2/w/1440/format/webp&ap=5&sc=SRH_DTL&sign=b841aeaedd6eda4cc10a550f23fba284&t=6aa54642,,6a865dd3000000000902e007,YB67xr0b94AUkLVtz4nTvV6vdd2Mwwr3fw3EdtkyZHVwU=,https://www.xiaohongshu.com/explore/6a865dd3000000000902e007?xsec_token=YB67xr0b94AUkLVtz4nTvV6vdd2Mwwr3fw3EdtkyZHVwU=&xsec_source=app_note
2026-08-14,TCF备考,这么多网站哪个才是最好的,本人最近在准备tcf考试，网上的资料五花八门，想问问大家哪个网站大家用起来最准呀,34,42,23,3,图文,嗯！,https://sns-na-i11.xhscdn.com/oss-ae/notes_pre_post/1040g3v8323rqdvehiu005pq1a0h73a157h11euo?imageView2/2/w/1440/format/webp&ap=5&sc=SRH_DTL&sign=9b71b125bfd1d8f4d8ec71a800d7198c&t=6aa5465b,,6a7f2019000000000e03f400,YBt3RWMHvZLIdPp2HuVEUH6A3CtGu1KneUsNbVRwOltvw=,https://www.xiaohongshu.com/explore/6a7f2019000000000e03f400?xsec_token=YBt3RWMHvZLIdPp2HuVEUH6A3CtGu1KneUsNbVRwOltvw=&xsec_source=app_note
2026-09-09,TCF Canada/TCF备考,TCF CLB8 备考心得- 口语,💙我的情况 0基础法语、英区留子、雅思7.0 英语水平在阅读理解中帮助不少，口语上没有帮助 💙打基础阶段 心态浮躁,37,40,8,6,图文,-番茄杀手,https://sns-na-i11.xhscdn.com/1040g2sg324srp72u34e05ntp3hugbjg2stcneeg?imageView2/2/w/1440/format/webp&ap=5&sc=SRH_DTL&sign=52c7686bb76d36c1a74ccfeceff5daf2&t=6aa5461f,,6aa11e6e00000000290128bb,YBMrQxQxQW0f3wyMNaQXj63tOglRjiEF96lIiYYStbWYU=,https://www.xiaohongshu.com/explore/6aa11e6e00000000290128bb?xsec_token=YBMrQxQxQW0f3wyMNaQXj63tOglRjiEF96lIiYYStbWYU=&xsec_source=app_note
2026-07-31,法语移民,🇨🇦拿到pr后是什么心情？,今天朋友突然问，拿到pr后感觉怎么样？ 我楞了一下，笑着说，最开心最激动的不是收到卡的那一天，而是点开法语成绩单的那一瞬,86,14,31,9,图文,西舟法语TCF Canada和PTE core,https://sns-na-i11.xhscdn.com/notes_pre_post/1040g3k032393acb6na005n6pjcqm3069lj81hpo?imageView2/2/w/1440/format/webp&ap=5&sc=SRH_DTL&sign=f64d125f089c39aa1952c7007669ad51&t=6aa54677,,6a6bf1d60000000022033fd2,YBgUS-Y-_N90f5SfNTXqBYMSafsT-XYSzU5IeNjKIO0gU=,https://www.xiaohongshu.com/explore/6a6bf1d60000000022033fd2?xsec_token=YBgUS-Y-_N90f5SfNTXqBYMSafsT-XYSzU5IeNjKIO0gU=&xsec_source=app_note
2026-06-03,TCF Canada,TCFCA 考试流程回忆,考试前一周左右会收到考试安排表，自行打印。到达考场后，工作人员会核实文件并拍大头照，然后存包和电子产品，可以携带食物和纸,45,34,19,10,图文,Better,https://sns-na-i11.xhscdn.com/notes_pre_post/1040g3k0320ukqimnn4105nshl3ogbhu8i6s752o?imageView2/2/w/1440/format/webp&ap=5&sc=SRH_DTL&sign=5eacd91418b436c3c983a79736e8a514&t=6aa5461f,,6a1fda5f0000000036002549,YBSsgdl51fTccnrz-eQBcfvxQZgeFrKnUQQ2o21020H8k=,https://www.xiaohongshu.com/explore/6a1fda5f0000000036002549?xsec_token=YBSsgdl51fTccnrz-eQBcfvxQZgeFrKnUQQ2o21020H8k=&xsec_source=app_note
2026-04-05,法语移民,东亚子女被父母“依靠”的一生,在抖音刷到一个枫叶国法语生活博主，视频中记录了自己甚至没有半人高的女儿站在儿童椅上替父母翻译和图书馆管理员交涉一些证件问,88,11,0,1,图文,369_.,https://sns-na-i11.xhscdn.com/1040g00831ui0krr41u005pljnndned5ahakc57o?imageView2/2/w/1440/format/webp&ap=5&sc=SRH_DTL&sign=bad78988a03fb161b676b5ba6e066396&t=6aa54677,,69d14566000000001a035145,YBDSZ0vo9J4IzbvO-qFYHXHH57aVdBLtvteJ1h6Wn8w1w=,https://www.xiaohongshu.com/explore/69d14566000000001a035145?xsec_token=YBDSZ0vo9J4IzbvO-qFYHXHH57aVdBLtvteJ1h6Wn8w1w=&xsec_source=app_note
2026-09-05,TCF备考,TCF CA备考| Italki老师测评（2）,上篇讲完最推荐的几位外教口语老师，这篇快速讲一下其他几位 1. Eamon 🌟🌟🌟🌟 定居成都的专业法语外教，价,31,39,5,3,图文,momo（法语考过版）,https://sns-na-i11.xhscdn.com/oss-ae/notes_pre_post/1040g3v8324n24mi5j64g4bbt0od6k83ap41lku0?imageView2/2/w/1440/format/webp&ap=5&sc=SRH_DTL&sign=7132491e0a56247dd647d20f1342d662&t=6aa5465b,,6a9b1224000000000e03f000,YBuZNiWxu0UCIjMUVx5xYmYAlfgWRxZ63s_i8yEyRjxFM=,https://www.xiaohongshu.com/explore/6a9b1224000000000e03f000?xsec_token=YBuZNiWxu0UCIjMUVx5xYmYAlfgWRxZ63s_i8yEyRjxFM=&xsec_source=app_note
2026-06-18,TCF备考,TCF CA T3冲CLB7 5段式模板-热门话题！,#tcfca  #加拿大法语  #法语  #tcfca口语  #tcfca备考  #tcf口语  #加拿大法语移民,50,28,1,3,视频,Laura法语TCF CA,https://sns-na-i11.xhscdn.com/spectrum/1040g34o321i7th0hn2105qd2q9o7744mfnmn3lo?imageView2/2/w/1440/format/webp&ap=5&sc=SRH_DTL&sign=9fd1e12c4b49a08c5acd06f794028165&t=6aa5465b,,6a33c49a000000001700bb02,YBBOEOHoMj0AwH1O_wZcdwnoOeAlRiMYOlZnaJpYfzH_Q=,https://www.xiaohongshu.com/explore/6a33c49a000000001700bb02?xsec_token=YBBOEOHoMj0AwH1O_wZcdwnoOeAlRiMYOlZnaJpYfzH_Q=&xsec_source=app_note
2026-08-24,TCF备考,tcf备考两个月差一分B2,八月预签证考试上海考场第一天都是tcf。虽然再多一题应该就能擦线b2了，有点可惜🥲不过无事，我的水平也就这样，而且交换,48,29,24,14,图文,干炒鸡米花,https://sns-na-i11.xhscdn.com/notes_uhdr/1040g3qg3248ea04o7u005ojfa4modbj0d6ss12o?imageView2/2/w/1440/format/webp&ap=5&sc=SRH_DTL&sign=2383d978bce17c8f64a9e3f3e60813c7&t=6aa5465b,,6a8c08c5000000001700b0c6,YBb4kMAerT6mDfH4wGoQelUBleGBaqxlxac7R_BooFgcw=,https://www.xiaohongshu.com/explore/6a8c08c5000000001700b0c6?xsec_token=YBb4kMAerT6mDfH4wGoQelUBleGBaqxlxac7R_BooFgcw=&xsec_source=app_note
2026-06-27,TCF备考,TCF备考vs法语学习：两套完全不同教材盘点,很多人不知道，TCF是一场可以通过技巧快速通关的考试，而学法语是漫长的语言习得。目标不同，路径和教材天差地别。 作为零基,48,29,4,4,视频,是小房子呀,https://sns-na-i11.xhscdn.com/1040g2sg320im89l25sdg5od6ta2k1rgme336ilo?imageView2/2/w/1440/format/webp&ap=5&sc=SRH_DTL&sign=73eb6ba277e5950115dcc6dc74ff7397&t=6aa5465b,,6a1378b4000000003601e2ed,YBpbwD2O95cPSo0jT-yb5fAyFMK4V62NStJYthf6rv6g0=,https://www.xiaohongshu.com/explore/6a1378b4000000003601e2ed?xsec_token=YBpbwD2O95cPSo0jT-yb5fAyFMK4V62NStJYthf6rv6g0=&xsec_source=app_note
2026-07-01,TCF备考,TCF，建议早点开始刷题,开始刷题，才觉得之前浪费了很多时间。感觉应该早点开始刷题，将其内容作为学习内容，背考试相关单词，可能进度会更快点。 很多,53,26,14,3,图文,Joy枫悦,https://sns-na-i11.xhscdn.com/1040g2sg3222imgojnebg5om0o8k6sg57f8nniv0?imageView2/2/w/1440/format/webp&ap=5&sc=SRH_DTL&sign=171ab38a206fe2ca0de7d708240a34e6&t=6aa54653,,6a447ec10000000016026284,YBdClJySakJBhoL8G4pQHvhvjQHx0S7gUgZhWjXXnWAcA=,https://www.xiaohongshu.com/explore/6a447ec10000000016026284?xsec_token=YBdClJySakJBhoL8G4pQHvhvjQHx0S7gUgZhWjXXnWAcA=&xsec_source=app_note
2025-04-22,TEF Canada,考出clb7到底难不难‼️TCF/TEF 题库干货,#法语  #移民加拿大  #加拿大移民  #加拿大法语  #加拿大法语移民  #加拿大EE法语  #加拿大EE  #加拿,45,29,6,11,视频,娜娜出国咨询,https://sns-na-i11.xhscdn.com/1040g00831gi8nk5l3s005ouqb23pgjtlco0r8so?imageView2/2/w/1440/format/webp&ap=5&sc=SRH_DTL&sign=ee7baec015e198879ebadf0b1852ad8e&t=6aa54642,,6806bc62000000001e00183e,YBb89r7R41lvhQxWE5vgNKG9e6IZDUhAPuxzxAmzgn6Dw=,https://www.xiaohongshu.com/explore/6806bc62000000001e00183e?xsec_token=YBb89r7R41lvhQxWE5vgNKG9e6IZDUhAPuxzxAmzgn6Dw=&xsec_source=app_note
2026-08-19,TEF Canada,TCF Canada 备考｜二考上岸复盘,🍀 二考是在济南机考，简单复盘一下当天抽到的题目和我的实际发挥。 📝 写作｜13分 抽到的三道题都比较常规： T,36,33,5,10,图文,没想好起什么名字15566,https://sns-na-i11.xhscdn.com/notes_pre_post/1040g3k83242aft5t7u005ogpssm0kc4s08lu9i8?imageView2/2/w/1440/format/webp&ap=5&sc=SRH_DTL&sign=43558a5e771f45c45b13267a4d5cadfa&t=6aa54642,,6a85c5dd000000002500bd2e,YBjjwyYWMJslAau4wmbTIpm9mp0pzVWr1Dgoo1n4QwHlw=,https://www.xiaohongshu.com/explore/6a85c5dd000000002500bd2e?xsec_token=YBjjwyYWMJslAau4wmbTIpm9mp0pzVWr1Dgoo1n4QwHlw=&xsec_source=app_note
2026-09-12,TCF备考,有考过法语TCF Canada刷题网站推荐,目前有考虑coco和bontcf的刷题网站 刚开始备考有点焦虑，生怕自己备考不充分或者走错路。 目前已有一年多学习基础,30,35,14,1,图文,蜜桃哒哒,https://sns-na-i11.xhscdn.com/1040g0083250drm693i6g5pd2e0env2qv83k0pa0?imageView2/2/w/1440/format/webp&ap=5&sc=SRH_DTL&sign=c0dc78418f5f1a3bbe345404388aef31&t=6aa5465c,,6aa4995c000000002802b62b,YB2J4M3hKCkQ0Etqw6lNdDJeuYg6uYGw2w8VLuru35a2Y=,https://www.xiaohongshu.com/explore/6aa4995c000000002802b62b?xsec_token=YB2J4M3hKCkQ0Etqw6lNdDJeuYg6uYGw2w8VLuru35a2Y=&xsec_source=app_note
2026-03-24,TCF Canada,TCF Canada大连3.24,#TCFdalian  大连,37,31,16,13,图文,小猴,https://sns-na-i11.xhscdn.com/1040g2sg31u3eakp4iae05n1tmen1e2q7q36mr28?imageView2/2/w/1440/format/webp&ap=5&sc=SRH_DTL&sign=3949c4f2b0d98cd71a7e70fb54675c67&t=6aa5461f,,69c24ffc00000000210116c6,YBrWkx3rMlA4zM158gRM70E5JbuP62BOuwvLQDbQMwXb4=,https://www.xiaohongshu.com/explore/69c24ffc00000000210116c6?xsec_token=YBrWkx3rMlA4zM158gRM70E5JbuP62BOuwvLQDbQMwXb4=&xsec_source=app_note
2026-06-17,TEF Canada,我花5个月从A2考到CLB7|三个备考阶段怎么走,报课最怕什么？钱交了，时间花了，心里没底。 今天把我的备考路径拆成3个阶段，每个阶段走到哪、能做什么，全帮你标出来了,49,24,2,0,视频,是小房子呀,https://sns-na-i11.xhscdn.com/1040g2sg320im89l25scg5od6ta2k1rgmkuo4pmo?imageView2/2/w/1440/format/webp&ap=5&sc=SRH_DTL&sign=5cf86411f3a4fffdc2102e0ce7e88a74&t=6aa54642,,6a1375210000000038037fa8,YBOVWhuNpx5moZW7LQB71cs106nmrcuO1X2k05Ruyqm2U=,https://www.xiaohongshu.com/explore/6a1375210000000038037fa8?xsec_token=YBOVWhuNpx5moZW7LQB71cs106nmrcuO1X2k05Ruyqm2U=&xsec_source=app_note
2026-04-28,TEF Canada,加拿大聪明人在拿到毕业工签后就发现不对劲,PGWP是留在加拿大之路的关键一步，工签最多三年，建议提前规划 -- 第一年：快速适应 & 积累经验 1.稳定合FA身份,44,26,1,7,图文,境成签签顺,https://sns-na-i11.xhscdn.com/spectrum/1040g0k031vg6cset48005q1aimdji8qelqi6pa8?imageView2/2/w/1440/format/webp&ap=5&sc=SRH_DTL&sign=571df1781576455e0501fcc399e09ed9&t=6aa54642,,69f0224f0000000035025380,YBVOo60nzMojGvEXidII8DoUa5_201OYQOoG2_uv8g138=,https://www.xiaohongshu.com/explore/69f0224f0000000035025380?xsec_token=YBVOo60nzMojGvEXidII8DoUa5_201OYQOoG2_uv8g138=&xsec_source=app_note
2026-09-03,TCF Canada,TCF Canada | Tâche 3,🇨🇦 我是如何帮助学生准备 TCF Canada 口语 Tâche 3 的 想要做好 Tâche 3，我建议学生不要,31,32,2,13,图文,Mathieu TCF CANADA,https://sns-na-i11.xhscdn.com/oss-sg/notes/1040g3l0324l463ceiq6g5qjbb7n3ej04pi1oje0?imageView2/2/w/1440/format/webp&ap=5&sc=SRH_DTL&sign=9a3e3e0687799e792c1fbd7e8eeeb535&t=6aa5461f,,6a99061500000000370357c3,YBU5GNeeujakaVKFPHKTBT_CvUbLh7M8V6tCA9MMoMHnU=,https://www.xiaohongshu.com/explore/6a99061500000000370357c3?xsec_token=YBU5GNeeujakaVKFPHKTBT_CvUbLh7M8V6tCA9MMoMHnU=&xsec_source=app_note
2026-09-05,TCF Canada,快速拿下：加拿大TCF考试,一分钟教你快速了解tcfca🇨🇦 近些年考tcfca的人是越来越多了 明显的感觉到 #法语老师  #西安法语  #法,30,30,0,6,图文,雅雅法语,https://sns-na-i11.xhscdn.com/1040g008324nqhb1j0a004ahqd0heepmlu046pl8?imageView2/2/w/1440/format/webp&ap=5&sc=SRH_DTL&sign=49b76bdac48d4127de6bd7f64938f2d1&t=6aa54625,,6a9bc9ca000000002802cd42,YBEoDLJq_RcdSw0-VETqLtjz85su419sXYghn_7UZ8b88=,https://www.xiaohongshu.com/explore/6a9bc9ca000000002802cd42?xsec_token=YBEoDLJq_RcdSw0-VETqLtjz85su419sXYghn_7UZ8b88=&xsec_source=app_note
2024-11-09,TEF Canada,TEF Canada口语裸考直接教我做人……,我真的要裂开了。。。。考官很好[哭惹R]全程很耐心的跟我对话然后我听不懂的地方她还给我分开解释但是也阻止不了我听不懂[哭,39,24,17,13,图文,MallowMay,https://sns-na-i11.xhscdn.com/1040g2sg319ut77ng72705ntmfqs08mrqeruim5o?imageView2/2/w/1440/format/webp&ap=5&sc=SRH_DTL&sign=d5e29ca02c3d2d5e9a471b76ede975f4&t=6aa54642,,672e4dad000000003c01ef3a,YB8pO_1MCb-L92VPKyNF_zLb7cgKL6HpDXx7DuFENEtZI=,https://www.xiaohongshu.com/explore/672e4dad000000003c01ef3a?xsec_token=YB8pO_1MCb-L92VPKyNF_zLb7cgKL6HpDXx7DuFENEtZI=&xsec_source=app_note
2026-06-27,TCF Canada,🇨🇦Tcf加拿大考试，我好像学法语的神-写作,最近被口语压分后 🫠 挺难受的 但写作过了先分享一下考了两次9写作 怎么突然12 其实9和12 就差了语法和细心,29,28,0,4,图文,Lulu加拿大生活 (TCF备考中）,https://sns-na-i11.xhscdn.com/notes_pre_post/1040g3k8321ssig9hn07g4bupauup3m28meebo58?imageView2/2/w/1440/format/webp&ap=5&sc=SRH_DTL&sign=b219cadb6a587488694b0a4c4fdf503b&t=6aa5461f,,6a3eae9c000000001102ec2b,YBo9dBa2FJAw6qeLstqYnn4qk6HtIZR7E_Nb4OrI2Owc4=,https://www.xiaohongshu.com/explore/6a3eae9c000000001102ec2b?xsec_token=YBo9dBa2FJAw6qeLstqYnn4qk6HtIZR7E_Nb4OrI2Owc4=&xsec_source=app_note
2026-06-06,TCF Canada,TCF Canada 口语 T3 开口脆怎么办| Post 2,上次说到开头和第二段（正方观点）怎么展开，今天终于来到我觉得最重要的部分👇 1️⃣ 主体（反方观点）这里一定要学会用一,27,29,3,10,图文,Lulu加拿大生活 (TCF备考中）,https://sns-na-i11.xhscdn.com/notes_pre_post/1040g3k03211qd6vr72004bupauup3m28bdeivao?imageView2/2/w/1440/format/webp&ap=5&sc=SRH_DTL&sign=2f679b4ee6511a8a0d7945482b54c707&t=6aa54625,,6a22fbeb00000000350302a6,YBXH96IdZs08UkWZOd3PcxPZ2UCN3Ogo-xMNIjlC_bl4w=,https://www.xiaohongshu.com/explore/6a22fbeb00000000350302a6?xsec_token=YBXH96IdZs08UkWZOd3PcxPZ2UCN3Ogo-xMNIjlC_bl4w=&xsec_source=app_note
2024-02-20,TEF Canada,春节假期连着考两次雅思，雅思加EE经验分享,分享一下考雅思以及TEF Canada的历程，算是留个纪念。 1. 法语备考 为了加拿大EE上岸，去年3月开始决定卷法语,39,23,9,4,图文,団団,https://sns-na-i11.xhscdn.com/1040g2sg30vd7nhi05s005o3cg54g9bkch6pkfsg?imageView2/2/w/1440/format/webp&ap=5&sc=SRH_DTL&sign=42b06c0c1c1fe4bb96997cc03f37fecb&t=6aa54642,,65d4871b0000000007006d6c,YBHxFLSGYzKaHLg_XNFwS1u6wA8cm8ss2-q8sL4MYTUYA=,https://www.xiaohongshu.com/explore/65d4871b0000000007006d6c?xsec_token=YBHxFLSGYzKaHLg_XNFwS1u6wA8cm8ss2-q8sL4MYTUYA=&xsec_source=app_note
2026-08-18,TCF Canada,🇨🇦tcfcanada写作6到11，一个月快速提高,#加拿大法语  #ee法语  #tcfcanada  #tcfca  #ee法语定向  #ee法语加分  #加拿大ee,26,28,1,4,视频,雷雷六（在职加拿大法语B2版）,https://sns-na-i11.xhscdn.com/1040g00832407ailjn4005pcbjjn83v8lccm9lgo?imageView2/2/w/1440/format/webp&ap=5&sc=SRH_DTL&sign=7f8e59d15d3f47df29cf88093e71cb7f&t=6aa54625,,6a83a1580000000024025f40,YBeuxLcQnGc6h-gJH1ZDQLWxH_qLh4wDXk8HN1XF0n38Q=,https://www.xiaohongshu.com/explore/6a83a1580000000024025f40?xsec_token=YBeuxLcQnGc6h-gJH1ZDQLWxH_qLh4wDXk8HN1XF0n38Q=&xsec_source=app_note
2026-04-08,TCF备考,TCF备考|别再自己刷题了，没有效果还特别慢,TCF备考真的不是拼谁更努力，是拼谁的方法更对。很多人自学能啃下|单词和语法，但一到考试阶段就懵了。没方法、没方向，刷再,42,20,17,8,视频,是小房子呀,https://sns-na-i11.xhscdn.com/1040g00831ud0rnef2i405od6ta2k1rgm4srpgtg?imageView2/2/w/1440/format/webp&ap=5&sc=SRH_DTL&sign=7ec14c6f6ea6b3c2beef2477385fa083&t=6aa5465c,,69cc54ff00000000210380ac,YBKA-Q-pa7HleIqd5T6yJrkb3bVe6lJDCP9zdvmcyEUMo=,https://www.xiaohongshu.com/explore/69cc54ff00000000210380ac?xsec_token=YBKA-Q-pa7HleIqd5T6yJrkb3bVe6lJDCP9zdvmcyEUMo=&xsec_source=app_note
2026-06-03,TCF Canada,TCFCA首考分享,在密西首考的tcfca，两周左右出分 5.20-6.2 因为本来只想CEC加分不走法语专项压力没那么大 所以总体来说首考,43,19,26,7,图文,bia唧bia唧,https://sns-na-i11.xhscdn.com/1040g008320u38gphn0005oo9p2akge2qvboacto?imageView2/2/w/1440/format/webp&ap=5&sc=SRH_DTL&sign=1ee79cd518381c911cf15cf9817e8911&t=6aa5461f,,6a1f2cf8000000003502bb8e,YBSsgdl51fTccnrz-eQBcfvzo_aD-J2lVIP-xvjaQ6E58=,https://www.xiaohongshu.com/explore/6a1f2cf8000000003502bb8e?xsec_token=YBSsgdl51fTccnrz-eQBcfvzo_aD-J2lVIP-xvjaQ6E58=&xsec_source=app_note
2026-09-06,TEF Canada,终于！,8.25济南tcf ca二战终于！上岸了！ 查成绩的时候心率飙升，手抖的要拿不住手机[笑哭R] 终于结束了[哭惹R,59,11,26,6,图文,黑米的小鱼干,https://sns-na-i11.xhscdn.com/notes_pre_post/1040g3k8324pdsn6t7k704a1li75t30jlr2h0ddg?imageView2/2/w/1440/format/webp&ap=5&sc=SRH_DTL&sign=9efa8097027e9d7da57c2fafe2b796dd&t=6aa54636,,6a9d6fc700000000110341e7,YBUb-0Bv4oY9CEQsJdNFwiKR6CjdGy1iaXNAeWY32XBJQ=,https://www.xiaohongshu.com/explore/6a9d6fc700000000110341e7?xsec_token=YBUb-0Bv4oY9CEQsJdNFwiKR6CjdGy1iaXNAeWY32XBJQ=&xsec_source=app_note
2026-06-24,TCF Canada,🇫🇷法语广播：总是和别人比较，是好事吗？,这个听力很多观点都很适合DELF / DALF 和TCF CANADA 考试。 下面是我做的一个听力总结 首先，比较其实,33,23,7,7,视频,CDK教法语,https://sns-na-i11.xhscdn.com/1040g2sg321pucmremue05o4bcdfg8vuipvc2440?imageView2/2/w/1440/format/webp&ap=5&sc=SRH_DTL&sign=e651bf4c2eac1ce9828c34900c893d22&t=6aa5461f,,6a3bb0c8000000000f01d898,YBLAZwifPHqyTjLo1T2zWbCCru62CemrX8LnCJwPfuSAo=,https://www.xiaohongshu.com/explore/6a3bb0c8000000000f01d898?xsec_token=YBLAZwifPHqyTjLo1T2zWbCCru62CemrX8LnCJwPfuSAo=&xsec_source=app_note
2026-07-14,TCF Canada,tcf canada 6月温哥华首考clb8,6月10号考的，考完已经一个月了，拿到成绩也差不多快三个星期了，趁着还有点记忆记录一下。 考场是在温哥华法盟，现在考位不,35,19,21,7,图文,谢十一,https://sns-na-i11.xhscdn.com/notes_pre_post/1040g3k8322ji8ij5nk905nud1k5g9274tm5unc8?imageView2/2/w/1440/format/webp&ap=5&sc=SRH_DTL&sign=d1f9c4271ce859bf39c18495640cb293&t=6aa5461f,,6a55eea30000000006030d63,YB0cNRqEXNQfy1l33f376tMcu0rRfvKSFW8G7YUdOhdrI=,https://www.xiaohongshu.com/explore/6a55eea30000000006030d63?xsec_token=YB0cNRqEXNQfy1l33f376tMcu0rRfvKSFW8G7YUdOhdrI=&xsec_source=app_note
2026-06-02,TCF Canada,TCF Canada 香港 6.2 写作口语回忆,,29,22,24,14,图文,wsswznwzgm,https://sns-na-i11.xhscdn.com/1040g008320tfsvoq72004biq77t2g0jub71voi0?imageView2/2/w/1440/format/webp&ap=5&sc=SRH_DTL&sign=0819020e72ee8f63c02d92525250c174&t=6aa54625,,6a1e86e10000000035021d61,YBlbMeeMaWLLi0JrjK0tYaKBMfXFWbwbkj6ecDbRVynWI=,https://www.xiaohongshu.com/explore/6a1e86e10000000035021d61?xsec_token=YBlbMeeMaWLLi0JrjK0tYaKBMfXFWbwbkj6ecDbRVynWI=&xsec_source=app_note
2026-07-28,TEF Canada,🇨🇦TCFCA首考｜我时常想人怎么能争气成这样,本人非全脱产 从零基础开始学了小半年法语 首考除了口语卡9（复议了不变）其他三门都达到了B2 和🍠上的速成小天才们比,41,16,5,10,图文,HelenaIsMe,https://sns-na-i11.xhscdn.com/notes_pre_post/1040g3k83234vhva8nu004a31ugusto4b1ddo1co?imageView2/2/w/1440/format/webp&ap=5&sc=SRH_DTL&sign=f1001012565c1719fb542a9c7fecb66c&t=6aa54642,,6a67ca67000000000301d333,YBl07PfBV0nUeRn9O4u0Z33GA_L3FUGcBFQzgFaq-pNII=,https://www.xiaohongshu.com/explore/6a67ca67000000000301d333?xsec_token=YBl07PfBV0nUeRn9O4u0Z33GA_L3FUGcBFQzgFaq-pNII=&xsec_source=app_note
2026-08-04,TEF Canada,你一定会在某一天通过TCF CA,也许此刻的你，刚刚经历了一次失败； 也许你已经考了两次、三次，开始怀疑自己； 也许你每天背单词、练听力、刷题，却还是看不,55,7,12,3,图文,朝阳区潜力富婆,https://sns-na-i11.xhscdn.com/notes_pre_post/1040g3k0323engucpmu005ph4v6shommhkthjbfg?imageView2/2/w/1440/format/webp&ap=5&sc=SRH_DTL&sign=194de3357f06520461d4c4046d904459&t=6aa54636,,6a71b50b0000000022011ff3,YBwRUhTzWLZbrEuWUxYXuTLp2OA1OKLCDwJre56lF93gA=,https://www.xiaohongshu.com/explore/6a71b50b0000000022011ff3?xsec_token=YBwRUhTzWLZbrEuWUxYXuTLp2OA1OKLCDwJre56lF93gA=&xsec_source=app_note
2026-09-05,TCF Canada,tcfca｜说的法语考官听不懂，咋办？,#加拿大法语  #tcfcanada  #ee法语  #tcfca  #HowTo暑期弯道超车  #ee法语定向  #e,23,22,4,2,视频,雷雷六（在职加拿大法语B2版）,https://sns-na-i11.xhscdn.com/1040g2sg324nifjgcn2e05pcbjjn83v8l2hhfb3g?imageView2/2/w/1440/format/webp&ap=5&sc=SRH_DTL&sign=40381525f8a8ac892c28c283ed237723&t=6aa54625,,6a9bc45f00000000280340bb,YBEoDLJq_RcdSw0-VETqLtj1tLbuB4c9ztEf5dFLjAC2k=,https://www.xiaohongshu.com/explore/6a9bc45f00000000280340bb?xsec_token=YBEoDLJq_RcdSw0-VETqLtj1tLbuB4c9ztEf5dFLjAC2k=&xsec_source=app_note
2026-07-04,TEF Canada,达成成就～ 英语C1 法语B2,TEF canada 真的速度. 周一下午考的试，周六早上就收到邮件 ！ 从完全法语零基础，差不多一年半的努力，终于达成,55,6,12,1,图文,momo,https://sns-na-i11.xhscdn.com/notes_pre_post/1040g3k832270cj9pnk705osoar2putb29faq9ag?imageView2/2/w/1440/format/webp&ap=5&sc=SRH_DTL&sign=633a9741ec1062c3bbc20e3f3d310587&t=6aa54636,,6a4908dc000000001c024055,YBzp0k5RzOEjYhrXGEHQ_H6K8rtAz-Xx2rLd_2W2-HVHc=,https://www.xiaohongshu.com/explore/6a4908dc000000001c024055?xsec_token=YBzp0k5RzOEjYhrXGEHQ_H6K8rtAz-Xx2rLd_2W2-HVHc=&xsec_source=app_note
2026-03-18,TEF Canada,两年了终于🥹,万万没想到听力冲到了B2 阅读反而拉分 tcf canada的题库确实好用 刷了半个多月 听力练精听 阅读练速度 考试技,43,11,21,2,图文,MoMo,https://sns-na-i11.xhscdn.com/notes_uhdr/1040g3qg31trpvsk372005nm3cis08c939qnseug?imageView2/2/w/1440/format/webp&ap=5&sc=SRH_DTL&sign=4d05b63c19d99e0ac40f88ffd4a45cb8&t=6aa54642,,69ba7cf5000000002103aee5,YBKFeSTht6QuoHwh5Dg4Z84Lbt9tmMHunxkKo5vuQUBgI=,https://www.xiaohongshu.com/explore/69ba7cf5000000002103aee5?xsec_token=YBKFeSTht6QuoHwh5Dg4Z84Lbt9tmMHunxkKo5vuQUBgI=&xsec_source=app_note
2026-08-10,TCF Canada,一张思维导图记住环保主题词汇,环保这个话题，很多同学其实都背过不少词： pollution、réchauffement climatique、recy,26,19,0,0,视频,晓行枫叶路🍁,https://sns-na-i11.xhscdn.com/spectrum/1040g34o323lsaeprmu0g401e7mg9m43qr838aj8?imageView2/2/w/1440/format/webp&ap=5&sc=SRH_DTL&sign=7e88ceedc64c0a7830b0c9beedb27bb2&t=6aa54625,,6a7907ce0000000035017fd5,YBC5ZBossELIfRZEp1k2HuF883VGX6tLbTQXQy4C9RvC0=,https://www.xiaohongshu.com/explore/6a7907ce0000000035017fd5?xsec_token=YBC5ZBossELIfRZEp1k2HuF883VGX6tLbTQXQy4C9RvC0=&xsec_source=app_note
2026-04-11,TEF Canada,🇨🇦TCF Canada成功上岸改变人生|目标无用,很多人学法语的时候， 都会给自己定一个特别大的目标。 比如： 🎯 “我要一年上岸。” 但其实， ❗目标，没有大家想象中,36,13,15,10,视频,321,https://sns-na-i11.xhscdn.com/1040g00831uq67kv1340048h61po8em772lamj7o?imageView2/2/w/1440/format/webp&ap=5&sc=SRH_DTL&sign=97ddf5b8ec180b05d14cf9c7b0016ed0&t=6aa54642,,69d99bf3000000001d01d353,YBnIYAaXJrGYxfWvdFCJnab3z-1gtNfwicTwLR3PytBkg=,https://www.xiaohongshu.com/explore/69d99bf3000000001d01d353?xsec_token=YBnIYAaXJrGYxfWvdFCJnab3z-1gtNfwicTwLR3PytBkg=&xsec_source=app_note
2026-08-26,TEF Canada,🇨🇦TCF维多利亚8.25考试分享,听力：有新题大概5-6个，但是在B1-B2之间 阅读：全部原题 阅读考试的时候，文章显示的是按照杂志那种风格画出来的，很,34,14,30,8,图文,温哥华小芝,https://sns-na-i11.xhscdn.com/1040g2sg324ah05k2ga4g48bfs979a0d9e1eo7s0?imageView2/2/w/1440/format/webp&ap=5&sc=SRH_DTL&sign=367278877f6a5f5ae0cdaf39a9703cbc&t=6aa54642,,6a8e2cdd000000002a033d98,YBdsGfc8HN_kYDQ4Nf3Ps1-YvB4LSCewLj6FeJ9wrEJjM=,https://www.xiaohongshu.com/explore/6a8e2cdd000000002a033d98?xsec_token=YBdsGfc8HN_kYDQ4Nf3Ps1-YvB4LSCewLj6FeJ9wrEJjM=&xsec_source=app_note
2026-06-03,TCF Canada,法语TCFCanada口语T3特定的日子来庆祝,"法语TCFCanada口语T3 Chaque année, il y a une journée spéciale po",21,19,1,3,图文,Marie-Eve,https://sns-na-i11.xhscdn.com/1040g2sg320tv0o8s72h05o8ki38089ceeh85mv8?imageView2/2/w/1440/format/webp&ap=5&sc=SRH_DTL&sign=db681d3f0ab3ccbca56fb133633734e3&t=6aa54625,,6a1f011a000000002201bb29,YBperbjFAQD4-yYdXljFjhLBVvNpYCmhQeVpbKyU5hRoc=,https://www.xiaohongshu.com/explore/6a1f011a000000002201bb29?xsec_token=YBperbjFAQD4-yYdXljFjhLBVvNpYCmhQeVpbKyU5hRoc=&xsec_source=app_note
2026-09-08,TCF备考,0基础 历时一年半 终于口语写作CLB8,学习阶段： 2025年3月开始接触法语，半吊子学 2025年7月开始脱产集中学习，一味求快，焦虑内耗，囫囵吞枣学。 非常,38,9,37,8,图文,-番茄杀手,https://sns-na-i11.xhscdn.com/notes_pre_post/1040g3k0324rr4tfa1q2g5ntp3hugbjg2mgt7m28?imageView2/2/w/1440/format/webp&ap=5&sc=SRH_DTL&sign=44527c7269ab3e53fc99acd4137b2671&t=6aa5465c,,6a9feb830000000029012864,YBoZu0_cXBksl8FcKCoHtAAALC_WngyWmMp0c7wGavuWs=,https://www.xiaohongshu.com/explore/6a9feb830000000029012864?xsec_token=YBoZu0_cXBksl8FcKCoHtAAALC_WngyWmMp0c7wGavuWs=&xsec_source=app_note
2025-06-07,TEF Canada,TEF Canada考得心累,二考还是没过🥲总结一下经验教训 4/11 首考不太理想，只有写作过了7 写作题目： A：有人开车撞到了一栋房子，但房子,33,10,16,10,图文,快乐吗喽,https://sns-na-i11.xhscdn.com/1040g2sg31id81ffunm705nt9pv509aa8f5odet0?imageView2/2/w/1440/format/webp&ap=5&sc=SRH_DTL&sign=2c7355007b4bbc76f1243c69c4ac25de&t=6aa54642,,684321180000000022029ddc,YBk7IVe_-i2cylGjqQGrQm8edCHoZyf9aUDCCsshQ6LbM=,https://www.xiaohongshu.com/explore/684321180000000022029ddc?xsec_token=YBk7IVe_-i2cylGjqQGrQm8edCHoZyf9aUDCCsshQ6LbM=&xsec_source=app_note
2026-09-03,TCF Canada,🇨🇦TCF Canada備考問題請教,上一篇沒流量再發一篇[哭惹R] 分享一下背景：法語本科，幾年前曾通過 DELF B1，但已經很久沒有持續學習，法文變得相,20,16,7,2,图文,Caroooool,https://sns-na-i11.xhscdn.com/oss-sg/notes/1040g3l0324l87iqejq004b8epq22uc32ij3r418?imageView2/2/w/1440/format/webp&ap=5&sc=SRH_DTL&sign=5b8e8c418f52bc3ee20d9a1f68364b58&t=6aa54625,,6a99275c0000000012012dbc,YBDEegCBY3E5HzGjx7H-31RaWpaW3bavA2vHDZwodN92A=,https://www.xiaohongshu.com/explore/6a99275c0000000012012dbc?xsec_token=YBDEegCBY3E5HzGjx7H-31RaWpaW3bavA2vHDZwodN92A=&xsec_source=app_note
2026-07-21,TCF备考,0️⃣基础3个月TCF备考居然上岸了？,骗你的怎么可能❗️学2年考了3次 真诚分享这段旅程给同在学tcf的宝宝 真烦网上制造焦虑说自己0基础3-6个月上岸的（认,30,11,24,3,图文,EverShine Hub,https://sns-na-i11.xhscdn.com/notes_pre_post/1040g3k0322smmairno0g5p1j9ij3b3j83tv38ko?imageView2/2/w/1440/format/webp&ap=5&sc=SRH_DTL&sign=eea7b60b9d71644151006b60f4263b8c&t=6aa5465c,,6a5f4845000000000903468c,YB4ubnOcdIBDByTBpbQFlmvJcJhvW_XygoVCsen_RJcUw=,https://www.xiaohongshu.com/explore/6a5f4845000000000903468c?xsec_token=YB4ubnOcdIBDByTBpbQFlmvJcJhvW_XygoVCsen_RJcUw=&xsec_source=app_note
2026-04-18,TCF备考,🇨🇦TCF Canada成功上岸时间线分享|零基础,🔹 考前一周 时间已经非常紧张了。 那时候还有几套阅读没刷完，口语和写作也没有覆盖到近 3 个月内的每一道题。 最后我,29,11,4,8,图文,321,https://sns-na-i11.xhscdn.com/notes_pre_post/1040g3k831v376pla3m7048h61po8em777cfqv18?imageView2/2/w/1440/format/webp&ap=5&sc=SRH_DTL&sign=414b5c5ac70fcec39b93ab02771d0a33&t=6aa5465b,,69e2d8d9000000001d01d1ed,YB8Vh_kNalWdQ7t-k_qtp0etG0ySao9YM_NSJjQVrpmU8=,https://www.xiaohongshu.com/explore/69e2d8d9000000001d01d1ed?xsec_token=YB8Vh_kNalWdQ7t-k_qtp0etG0ySao9YM_NSJjQVrpmU8=&xsec_source=app_note
2026-08-11,TCF Canada,崩溃了我真的要崩溃了！！！！！,能不能直接一步帮我解决好啊 这个B2也太难学了#TEF考试  #TCF考试  #氪金  #tcf考试氪金  #tef考试,20,15,47,3,图文,歪歪,https://sns-na-i11.xhscdn.com/notes_pre_post/1040g3k0323nmrlpo7ae05qiutatjv001ob9dg50?imageView2/2/w/1440/format/webp&ap=5&sc=SRH_DTL&sign=9c46118ae1d15f935dfc6a788fc371f9&t=6aa54625,,6a7af3cf0000000005033b56,YBICIHlhVfXLcrL_UqItmJtkEqnA2LNM7pfIb_mv1trIo=,https://www.xiaohongshu.com/explore/6a7af3cf0000000005033b56?xsec_token=YBICIHlhVfXLcrL_UqItmJtkEqnA2LNM7pfIb_mv1trIo=&xsec_source=app_note
2026-07-31,TCF Canada,法语TCFCanada7.30Toronto 试题分享 #TCF  #加拿大  #2026年  #七月  #法语  #口,法语TCFCanada7.30Toronto 试题分享 #TCF  #加拿大  #2026年  #七月  #法语  #口,20,15,0,3,图文,Marie-Eve,https://sns-na-i11.xhscdn.com/1040g2sg3239fta8c6s1g5o8ki38089ce4538rog?imageView2/2/w/1440/format/webp&ap=5&sc=SRH_DTL&sign=920f09a67e199f16c7d128969bf17823&t=6aa54625,,6a6c57d60000000027021a3a,YBu8qq-P_EOeBTwcR05kaPeN_DiPmmy73TRhzx4pqIdDo=,https://www.xiaohongshu.com/explore/6a6c57d60000000027021a3a?xsec_token=YBu8qq-P_EOeBTwcR05kaPeN_DiPmmy73TRhzx4pqIdDo=&xsec_source=app_note
2026-08-07,TCF Canada,TCF CANADA 🇨🇦 TÂCHE 3,##tcfcanada #tcf备考 #tcfca #tcf听力 #tcf题库 #tcfcanada备考,19,15,0,2,图文,Mathieu TCF CANADA,https://sns-na-i11.xhscdn.com/oss-sg/notes/1040g3l0323ih1ru62u605qjbb7n3ej04smtrf1o?imageView2/2/w/1440/format/webp&ap=5&sc=SRH_DTL&sign=005d5c9666bc9e13aeb324e649441dbd&t=6aa54625,,6a75987c000000000c033c00,YBCrrnkxH3g_cXpOr09_WSuc_d20hnFdIz5tevnKz3org=,https://www.xiaohongshu.com/explore/6a75987c000000000c033c00?xsec_token=YBCrrnkxH3g_cXpOr09_WSuc_d20hnFdIz5tevnKz3org=&xsec_source=app_note
2026-09-08,TCF Canada,030 Les personnes âgées dans la société,"Sujet fréquent du TCF Canada, qui permet de discuter du viei",21,13,0,0,图文,Uncle Sain,https://sns-na-i11.xhscdn.com/oss-sg/notes_pre_post/1040g3mo324que5t9ju005ph77hugu5kotge5e6o?imageView2/2/w/1440/format/webp&ap=5&sc=SRH_DTL&sign=1364319eec82f1a7860ae7180d83bccb&t=6aa54625,,6a9efb9f000000000d009b81,YByknvEXoYSU3NczyuohFLQEMAC91GnUn8MCT86npqgxc=,https://www.xiaohongshu.com/explore/6a9efb9f000000000d009b81?xsec_token=YByknvEXoYSU3NczyuohFLQEMAC91GnUn8MCT86npqgxc=&xsec_source=app_note
2026-06-17,TCF Canada,TCF Canada写作T2冲CLB7🔥3个思路搞定,#法语考试  #法语  #tcfcanada备考  #写作技巧  #tcfcanada  #法语老师  #法语b,18,14,0,2,视频,达可法语D'accord上岸版,https://sns-na-i11.xhscdn.com/spectrum/1040g34o321gtjfru70m05p5qm0j57jro5cvu9pg?imageView2/2/w/1440/format/webp&ap=5&sc=SRH_DTL&sign=5ab871f65fbfdc02978fa1f8fb575f65&t=6aa54625,,6a326995000000001603f395,YB2WRPjdpmkcCOjv2Fz_FNj4-FGE_v11ftdtsf_kjxVuc=,https://www.xiaohongshu.com/explore/6a326995000000001603f395?xsec_token=YB2WRPjdpmkcCOjv2Fz_FNj4-FGE_v11ftdtsf_kjxVuc=&xsec_source=app_note
2026-08-06,TCF Canada,Comment aborder les sujets TCF🇨🇦 ?,"Contrairement à la tâche 2, la tâche 3 du TCF Canada ne prév",18,13,2,1,图文,Yass French,https://sns-na-i11.xhscdn.com/oss-sg/notes/1040g3l0323h9eslv186g5pegi6rh3lm4ek4autg?imageView2/2/w/1440/format/webp&ap=5&sc=SRH_DTL&sign=1fdb0aafb02fc021ed0597f82f9496f0&t=6aa54625,,6a7455b400000000100074ba,YBoBczhJpogThZygb-oBYJvuyoxeJDnL1NKO-FNE-60AE=,https://www.xiaohongshu.com/explore/6a7455b400000000100074ba?xsec_token=YBoBczhJpogThZygb-oBYJvuyoxeJDnL1NKO-FNE-60AE=&xsec_source=app_note
2026-09-06,TCF Canada,同一道 TCF 口语题，B1 水平会怎么说？,接上期，同一个远程办公的话题，B1 版本来了。 🟡 B1 水平回答： Je pense que le télétrav,22,10,1,1,图文,让法语更轻松,https://sns-na-i11.xhscdn.com/notes_pre_post/1040g3k0324ova6g0nk205q6aaf38c5bu6dfidag?imageView2/2/w/1440/format/webp&ap=5&sc=SRH_DTL&sign=c84eb3a099ebb202253a1c4eec2275fa&t=6aa54625,,6a9d8b06000000002802bed7,YB8Se8TnCol0gRLRugL78ZltRa3hPPC1C1nKOqF9BNXEA=,https://www.xiaohongshu.com/explore/6a9d8b06000000002802bed7?xsec_token=YB8Se8TnCol0gRLRugL78ZltRa3hPPC1C1nKOqF9BNXEA=&xsec_source=app_note
2026-07-30,TCF Canada,🇭🇰二战考过了TCF Canada,第一次6.2考，听力没过，真的要哭死。赶紧收拾情绪，报考了7.21的场次。 6.2–7.21之间就光刷@学法语的艾拉 的,25,6,33,3,图文,wsswznwzgm,https://sns-na-i11.xhscdn.com/1040g0083238bgs17n0004biq77t2g0jubj4svng?imageView2/2/w/1440/format/webp&ap=5&sc=SRH_DTL&sign=a3814be00394fd1b9a50d46f37a5ced7&t=6aa54625,,6a6b2e76000000003301b322,YBujMFVNOJKYIblGXLRH3V8NBSREnInvh_WpJoWhhm9uc=,https://www.xiaohongshu.com/explore/6a6b2e76000000003301b322?xsec_token=YBujMFVNOJKYIblGXLRH3V8NBSREnInvh_WpJoWhhm9uc=&xsec_source=app_note
2026-08-27,TCF Canada,TCF Canada首考出分,读博的同时学了两年半的法语，首考出分。 纪念这段时光。 相关经验分享已在绿色公主号上发，可私信,24,4,54,2,图文,一只林,https://sns-na-i11.xhscdn.com/notes_pre_post/1040g3k8324bs5h957u704a4ivp28bf1c85naqu8?imageView2/2/w/1440/format/webp&ap=5&sc=SRH_DTL&sign=e2e9efbe5a8a20fae484eb11c09cfaef&t=6aa54625,,6a8f8d6500000000200379b6,YBlPSvYDxcu8RRnAT_RZXK48UirAG6zwW5Umh99aEFoE4=,https://www.xiaohongshu.com/explore/6a8f8d6500000000200379b6?xsec_token=YBlPSvYDxcu8RRnAT_RZXK48UirAG6zwW5Umh99aEFoE4=&xsec_source=app_note
2026-02-27,TCF Canada,TCF Canada 每日一练 阅读5,#法语TCF考试  #法语A2  #TCFcanada  #加拿大移民  #加拿大EE法语,20,4,5,1,视频,Annick安妮克法语（考培）,https://sns-na-i11.xhscdn.com/1040g00831t3i9097m2005pqia2e732vvrga1lao?imageView2/2/w/1440/format/webp&ap=5&sc=SRH_DTL&sign=c39f2da456de4cb4ec8113e81c13e1e6&t=6aa54625,,69a1aa48000000001a02a176,YB1-SbroxpsW7kgyB1KZn7jRvHHhhBdDimfuiemd4mxY8=,https://www.xiaohongshu.com/explore/69a1aa48000000001a02a176?xsec_token=YB1-SbroxpsW7kgyB1KZn7jRvHHhhBdDimfuiemd4mxY8=&xsec_source=app_note
2026-07-31,TCF Canada,法语TCFCanada7.30Calgary试题分享 #TCF  #加拿大  #2026年  #七月  #法语  #口语,法语TCFCanada7.30Calgary试题分享 #TCF  #加拿大  #2026年  #七月  #法语  #口语,16,4,0,3,图文,Marie-Eve,https://sns-na-i11.xhscdn.com/1040g2sg3239fta8c6s0g5o8ki38089cejo6t4t8?imageView2/2/w/1440/format/webp&ap=5&sc=SRH_DTL&sign=eea88d793bf941d97265a34d2dcc046d&t=6aa54625,,6a6c57af000000002c004d1e,YBu8qq-P_EOeBTwcR05kaPeD6kC1mNXv3IpWtQCEKJLfI=,https://www.xiaohongshu.com/explore/6a6c57af000000002c004d1e?xsec_token=YBu8qq-P_EOeBTwcR05kaPeD6kC1mNXv3IpWtQCEKJLfI=&xsec_source=app_note
